Dataset,DGP,Rep,Method,MAE,RMSE,R2,Spearman,Bias,Rules
PBC,AFT-Gumbel,0,Cox T-learner,0.22865067711863163,0.2808764500394824,-1.1964161578448342,0.343177748546846,-0.13462326297416813,
PBC,AFT-Gumbel,0,CSF (RF),0.16723884511086345,0.2054854484833059,-0.17556357278851698,0.3400306070608768,-0.037679617286516025,
PBC,AFT-Gumbel,0,Bo & Ding,0.49513947413363363,0.6087177010133129,-9.31610696671705,0.00915457562455107,0.0196351078111337,170.0
PBC,AFT-Gumbel,0,Hybrid,0.3633678186278261,0.4512106732771597,-4.668167862406745,0.0659670359910578,-0.026672280952715448,182.0
PBC,AFT-Gumbel,0,CRE,0.31526586286969766,0.406647460166521,-3.6038387412598887,0.1514807710551275,0.0025584062254694895,291.0
PBC,AFT-Gumbel,0,SCRE,0.16222575360918245,0.24147778649067655,-0.6234478688209595,0.028348860416582047,-0.15010470366705245,1.0
PBC,AFT-Gumbel,0,CISCaRL (direct),0.18207275279792734,0.19845713311821678,-0.09652213129107001,0.1323259884716967,0.05579601981948713,2.0
PBC,AFT-Gumbel,0,CISCaRL (auto),0.1760138339637027,0.18322484554681318,0.06534205191560438,0.31652269625668356,0.021518039636260974,4.0
PBC,AFT-Gumbel,0,CISCaRL (posthoc),0.1760138339637027,0.18322484554681318,0.06534205191560438,0.31652269625668356,0.021518039636260974,4.0
PBC,AFT-Gumbel,1,Cox T-learner,0.26365658031280353,0.33354949005914675,-2.9281151404659327,0.3060474625921315,0.07522678860596643,
PBC,AFT-Gumbel,1,CSF (RF),0.19767565395576978,0.24727560476365107,-1.1588685150667666,0.08212054106720737,0.08938274213820784,
PBC,AFT-Gumbel,1,Bo & Ding,0.4813932165906312,0.5942459071426622,-11.467978527860724,-0.07139195488548072,0.07638287753608639,157.0
PBC,AFT-Gumbel,1,Hybrid,0.3886592240868204,0.45997350617013144,-6.470149312576933,-0.040046386824411896,0.08027663956691224,168.0
PBC,AFT-Gumbel,1,CRE,0.3559215156511527,0.4287518373257993,-5.490462357574594,-0.007052752813740486,0.08962576951892799,258.0
PBC,AFT-Gumbel,1,SCRE,0.13376128595294595,0.21477962842251452,-0.6287327182111246,0.19285205268451727,-0.1336130456901875,1.0
PBC,AFT-Gumbel,1,CISCaRL (direct),0.20065962425323705,0.22910507490503515,-0.8532459765975406,-0.1802635618834495,0.14008888103161346,4.0
PBC,AFT-Gumbel,1,CISCaRL (auto),0.18927300564955873,0.21350251424134284,-0.6094208921405919,-0.1557922014759606,0.11890560713089224,5.0
PBC,AFT-Gumbel,1,CISCaRL (posthoc),0.18927300564955873,0.21350251424134284,-0.6094208921405919,-0.1557922014759606,0.11890560713089224,5.0
PBC,AFT-Gumbel,2,Cox T-learner,0.233079205497125,0.2777461723586002,-1.1266446242944692,0.17330638162338508,-0.09317178335300055,
PBC,AFT-Gumbel,2,CSF (RF),0.22118312818766675,0.26449049887931186,-0.9284967395370844,0.003126922791045104,-0.0523550828070383,
PBC,AFT-Gumbel,2,Bo & Ding,0.4198260799531085,0.5199597506975379,-6.453121671651997,0.1849095265437719,-0.057188635323044724,163.0
PBC,AFT-Gumbel,2,Hybrid,0.33529735824861384,0.46007816579102323,-4.835284080560522,0.3466205610592167,-0.062066064358539876,165.0
PBC,AFT-Gumbel,2,CRE,0.31761712958337024,0.4290965177521981,-4.0758495110769255,0.3775778764718079,-0.033131381444489474,246.0
PBC,AFT-Gumbel,2,SCRE,0.19503575329020223,0.26865788945717234,-0.9897474405566737,-0.16775433916147958,-0.18274323601501333,1.0
PBC,AFT-Gumbel,2,CISCaRL (direct),0.18002211992061165,0.19604871455641432,-0.059562929906323614,0.0,-0.04648241112529005,0.0
PBC,AFT-Gumbel,2,CISCaRL (auto),0.23350273542917926,0.28442352820961053,-1.230128030042029,-0.1794743004384443,0.021501947222224205,3.0
PBC,AFT-Gumbel,2,CISCaRL (posthoc),0.23350273542917926,0.28442352820961053,-1.230128030042029,-0.1794743004384443,0.021501947222224205,3.0
PBC,Cox PH,0,Cox T-learner,0.2777960955798478,0.37573409819429093,-9.147692442509195,-0.04496587142491617,0.194310476817587,
PBC,Cox PH,0,CSF (RF),0.24892448164546707,0.3231382172728554,-6.50555352733798,-0.3392230531161064,0.2067675644030015,
PBC,Cox PH,0,Bo & Ding,0.5042612503510935,0.6313177262108498,-27.648510340492606,-0.13431364191858078,0.18182450592412167,197.0
PBC,Cox PH,0,Hybrid,0.45866154624010474,0.5729875725230983,-22.599156621744896,-0.1687680109324776,0.09684431084075804,163.0
PBC,Cox PH,0,CRE,0.43089002548649946,0.5379061050862122,-19.79787789214949,-0.1968635698458812,0.11304346810831348,264.0
PBC,Cox PH,0,SCRE,0.11457953650324308,0.16163124581128735,-0.8778319237846148,-0.28864664386889993,0.10263409697800101,1.0
PBC,Cox PH,0,CISCaRL (direct),0.49449896704850543,0.543550626258397,-20.236653353723952,-0.01844329038228141,0.49449896704850543,1.0
PBC,Cox PH,0,CISCaRL (auto),0.3373637685129463,0.42712662988710687,-12.113522788417374,-0.36771853501641694,0.3373637685129463,2.0
PBC,Cox PH,0,CISCaRL (posthoc),0.3373637685129463,0.42712662988710687,-12.113522788417374,-0.36771853501641694,0.3373637685129463,2.0
PBC,Cox PH,1,Cox T-learner,0.43847515434929213,0.533731329451905,-18.868676020323257,-0.4338047795513435,0.37744829023756893,
PBC,Cox PH,1,CSF (RF),0.3887705785887857,0.4397331073352992,-12.486581006165848,-0.4522428601927606,0.37202031960823984,
PBC,Cox PH,1,Bo & Ding,0.5867093093600688,0.6954619023246102,-32.73418514609446,-0.3119752850723277,0.35570398257359775,149.0
PBC,Cox PH,1,Hybrid,0.5035669610209254,0.6195557869560229,-25.772219163095173,-0.3086528120218672,0.3134058124871534,170.0
PBC,Cox PH,1,CRE,0.5065076857142629,0.6151705050427461,-25.39456719733601,-0.2708802409308641,0.33420719099511415,266.0
PBC,Cox PH,1,SCRE,0.16435799197402093,0.2071946281847629,-1.9941980203999532,-0.377576429838382,0.16048037525662415,2.0
PBC,Cox PH,1,CISCaRL (direct),0.21024408207316722,0.24195076809997165,-3.0829827602427073,0.0,0.21024408207316722,0.0
PBC,Cox PH,1,CISCaRL (auto),0.337529238408199,0.36058172202571265,-8.068405940550187,0.05604244343064099,0.337529238408199,5.0
PBC,Cox PH,1,CISCaRL (posthoc),0.337529238408199,0.36058172202571265,-8.068405940550187,0.05604244343064099,0.337529238408199,5.0
PBC,Cox PH,2,Cox T-learner,0.290333604661094,0.3515819049919956,-5.445353231803218,0.29135977339773755,0.28252620283088176,
PBC,Cox PH,2,CSF (RF),0.28781525029464017,0.34438454932349705,-5.184164182184598,0.2577047723809443,0.28174032929501996,
PBC,Cox PH,2,Bo & Ding,0.5128960599552126,0.5973518637124859,-17.606048108454157,0.0446277355761762,0.21981981041557938,158.0
PBC,Cox PH,2,Hybrid,0.4665391177364526,0.5780472358647766,-16.42289627523407,0.06744468541806993,0.23266549051801141,163.0
PBC,Cox PH,2,CRE,0.44327951765931345,0.5529660987734394,-14.943758458123066,0.07001159227528299,0.2337444300692642,239.0
PBC,Cox PH,2,SCRE,0.15170132581248988,0.20583036317698744,-1.2090857500446166,-0.3909153172820708,0.15168250668313973,2.0
PBC,Cox PH,2,CISCaRL (direct),0.386319403424188,0.41039104960288153,-7.781919554717968,0.0,0.386319403424188,0.0
PBC,Cox PH,2,CISCaRL (auto),0.3359642864725405,0.3638476441961233,-5.902919808611007,0.027140609093632626,0.3359642864725405,4.0
PBC,Cox PH,2,CISCaRL (posthoc),0.3359642864725405,0.3638476441961233,-5.902919808611007,0.027140609093632626,0.3359642864725405,4.0
PBC,Non-PH (Crossing),0,Cox T-learner,0.2333033008038408,0.33073770617676335,-0.9484770967107776,0.6802842566533677,0.12671295456180923,
PBC,Non-PH (Crossing),0,CSF (RF),0.13551601429322607,0.17503510946092,0.4542695003885546,0.8006444771473232,0.08194109861569611,
PBC,Non-PH (Crossing),0,Bo & Ding,0.3903174961005229,0.47745070169834747,-3.0605508835662194,0.5208278396610038,0.16436378507198726,179.0
PBC,Non-PH (Crossing),0,Hybrid,0.3366939157015859,0.42776853453628866,-2.2594592589647617,0.5624588772748694,0.09972113656177721,183.0
PBC,Non-PH (Crossing),0,CRE,0.31866599261506884,0.4035438113996592,-1.9007431024006536,0.5985729077550925,0.10077478039100767,280.0
PBC,Non-PH (Crossing),0,SCRE,0.1549922088039327,0.190777205817969,0.3516927884662019,0.8249640410256238,0.13262346531629976,1.0
PBC,Non-PH (Crossing),0,CISCaRL (direct),0.25822415954555095,0.3165427356046784,-0.7848124541713601,0.382228616608713,0.06554399877812164,2.0
PBC,Non-PH (Crossing),0,CISCaRL (auto),0.21090802339246115,0.22894099567291584,0.06636952404283614,0.1447642420854345,0.012823744828482876,4.0
PBC,Non-PH (Crossing),0,CISCaRL (posthoc),0.21090802339246115,0.22894099567291584,0.06636952404283614,0.1447642420854345,0.012823744828482876,4.0
PBC,Non-PH (Crossing),1,Cox T-learner,0.2671088288588386,0.3482542429066491,-1.1423341689658746,0.46406033910070493,-0.029876356780471545,
PBC,Non-PH (Crossing),1,CSF (RF),0.17508256941009034,0.2208967383337408,0.13806803166567505,0.40897901527981323,0.005541739553213347,
PBC,Non-PH (Crossing),1,Bo & Ding,0.43605729675095234,0.5504493225196225,-4.352159718079514,0.06006370359137865,0.07082002243020899,168.0
PBC,Non-PH (Crossing),1,Hybrid,0.34125988631527904,0.43598040636988444,-2.3575951254224483,0.37961272018480846,0.12992762625525722,179.0
PBC,Non-PH (Crossing),1,CRE,0.3080793621000229,0.4084038002895867,-1.946279413862463,0.39606944620284984,0.11309246764505318,286.0
PBC,Non-PH (Crossing),1,SCRE,0.19963227997050834,0.24396488597253577,-0.05135413490000307,0.8203897293431328,0.15881342429509268,1.0
PBC,Non-PH (Crossing),1,CISCaRL (direct),0.3640976333911691,0.437626438950922,-2.3829960097997382,0.013724038094365931,0.20292579401253347,1.0
PBC,Non-PH (Crossing),1,CISCaRL (auto),0.21136812699704974,0.2457238080589055,-0.06656875320037181,0.47241016037803524,-0.11062365527706661,5.0
PBC,Non-PH (Crossing),1,CISCaRL (posthoc),0.21136812699704974,0.2457238080589055,-0.06656875320037181,0.47241016037803524,-0.11062365527706661,5.0
PBC,Non-PH (Crossing),2,Cox T-learner,0.22652594214028918,0.2850372536589935,-0.3077519005667513,0.5544528208004939,0.011713085269361316,
PBC,Non-PH (Crossing),2,CSF (RF),0.2160718189118323,0.25581004561103665,-0.0533126507611259,0.2313623014460704,0.0010005171464421377,
PBC,Non-PH (Crossing),2,Bo & Ding,0.4223655742446117,0.5070898194620317,-3.138966326798829,0.06640307745431023,0.031076995392010094,173.0
PBC,Non-PH (Crossing),2,Hybrid,0.3896212338839092,0.4965529370215261,-2.9687452242296937,0.08810823850585764,0.030501056100091753,177.0
PBC,Non-PH (Crossing),2,CRE,0.37191282896687466,0.48224064533131433,-2.7432577603979538,0.10207311839597186,0.03873045684696399,277.0
PBC,Non-PH (Crossing),2,SCRE,0.2085483633253327,0.2592540751317974,-0.08186555399287232,0.7379681180708989,0.15517829982064954,1.0
PBC,Non-PH (Crossing),2,CISCaRL (direct),0.23835510894071998,0.2843848457449154,-0.3017722521613142,0.06566267941687134,0.1336647423505064,1.0
PBC,Non-PH (Crossing),2,CISCaRL (auto),0.2370486184810655,0.251273982027114,-0.016288835114179667,-0.06566267941687134,-0.016043230665968765,1.0
PBC,Non-PH (Crossing),2,CISCaRL (posthoc),0.2370486184810655,0.251273982027114,-0.016288835114179667,-0.06566267941687134,-0.016043230665968765,1.0
PBC,Nonlinear XOR,0,Cox T-learner,0.3469510082321999,0.4457081317807184,-1.0492562492934678,0.3854567785283387,0.177111787875798,
PBC,Nonlinear XOR,0,CSF (RF),0.2306172632770976,0.3261832799178691,-0.09753541698098656,0.5610591337644042,0.1767256649932777,
PBC,Nonlinear XOR,0,Bo & Ding,0.45306773560709374,0.5667156179710174,-2.3130311220665867,0.46429216486652464,0.24399830759713892,173.0
PBC,Nonlinear XOR,0,Hybrid,0.40366957122171093,0.48959921488500563,-1.4727293184587573,0.4318534840877072,0.2450385848775118,172.0
PBC,Nonlinear XOR,0,CRE,0.37300925531095375,0.4635077701633475,-1.2162012256036743,0.45976953364880974,0.21006174447433945,282.0
PBC,Nonlinear XOR,0,SCRE,0.30203971839810667,0.309922658056555,0.00916392789623377,0.2782574142975834,0.03410883973888316,1.0
PBC,Nonlinear XOR,0,CISCaRL (direct),0.32947335550613377,0.4087467084964836,-0.7234698472242924,0.21783144888026076,0.27024364361441994,2.0
PBC,Nonlinear XOR,0,CISCaRL (auto),0.30312033907575986,0.3545656449169504,-0.29684615517361657,0.27781299300235407,0.18435529152566893,4.0
PBC,Nonlinear XOR,0,CISCaRL (posthoc),0.30312033907575986,0.3545656449169504,-0.29684615517361657,0.27781299300235407,0.18435529152566893,4.0
PBC,Nonlinear XOR,1,Cox T-learner,0.3689676502416479,0.4425688799544631,-0.8448491476328035,0.1992919842502619,-0.043933602421457,
PBC,Nonlinear XOR,1,CSF (RF),0.2570469884435991,0.3118170553269477,0.0842037794860242,0.5119170610121735,0.025040292497651426,
PBC,Nonlinear XOR,1,Bo & Ding,0.4728334146316612,0.5902131085104448,-2.281079978529284,0.3442473720333779,-0.016313476664877574,158.0
PBC,Nonlinear XOR,1,Hybrid,0.4364978838469333,0.524307150341778,-1.589230272843261,0.24833291189538703,9.300707636200258e-05,174.0
PBC,Nonlinear XOR,1,CRE,0.40325132632576366,0.48068332791522594,-1.1762923404179144,0.3056388397211285,-0.003310891324811764,282.0
PBC,Nonlinear XOR,1,SCRE,0.31325129140139063,0.32202021890187377,0.0232905340031615,0.1552360654553336,-0.006098978922426335,1.0
PBC,Nonlinear XOR,1,CISCaRL (direct),0.31735590201392117,0.3268141285061354,-0.00600644148266527,0.0,-0.025252772583515017,0.0
PBC,Nonlinear XOR,1,CISCaRL (auto),0.30632582379314843,0.3173900691342217,0.05117573464846914,0.26881294564147834,0.026562420847271707,4.0
PBC,Nonlinear XOR,1,CISCaRL (posthoc),0.30632582379314843,0.3173900691342217,0.05117573464846914,0.26881294564147834,0.026562420847271707,4.0
PBC,Nonlinear XOR,2,Cox T-learner,0.26736710736211117,0.34319016883619763,-0.329074184087621,0.3737528447061374,-0.0013853113983041299,
PBC,Nonlinear XOR,2,CSF (RF),0.20158733354440092,0.2462435877155492,0.3157585083018656,0.5738612144637503,0.0134784415129725,
PBC,Nonlinear XOR,2,Bo & Ding,0.424655845254429,0.5097225463208221,-1.9318870383895326,0.25496514106130114,-0.04430571863441795,169.0
PBC,Nonlinear XOR,2,Hybrid,0.3673190108618097,0.4509658040359757,-1.2949158647304433,0.34635696998157717,-0.013789907498428082,177.0
PBC,Nonlinear XOR,2,CRE,0.36048204471914214,0.4496617466172641,-1.2816626422686919,0.3237871617960481,0.0005382612945457166,298.0
PBC,Nonlinear XOR,2,SCRE,0.2729991252010303,0.28257822881135086,0.09893329417557883,0.5742657948921721,0.012364844940594002,1.0
PBC,Nonlinear XOR,2,CISCaRL (direct),0.2857291388992697,0.2973340490434208,0.002371527054836675,0.01577890259161171,-0.006978815930716478,2.0
PBC,Nonlinear XOR,2,CISCaRL (auto),0.2965390186591507,0.3157110659184005,-0.12475816524495165,-0.20817511080013942,0.020498157833916238,2.0
PBC,Nonlinear XOR,2,CISCaRL (posthoc),0.2965390186591507,0.3157110659184005,-0.12475816524495165,-0.20817511080013942,0.020498157833916238,2.0
SUPPORT,AFT-Gumbel,0,Cox T-learner,0.08583477548424512,0.1780223975954379,-0.3028900681445079,0.0,-0.08583477548424512,
SUPPORT,AFT-Gumbel,0,CSF (RF),0.1915000817251488,0.24009221490463362,-1.3698160587995503,0.06061593510051427,-0.07061472803815651,
SUPPORT,AFT-Gumbel,0,Bo & Ding,0.4162085810527986,0.5053223277142995,-9.49773143405179,0.08158121764141169,-0.05057908450084418,234.0
SUPPORT,AFT-Gumbel,0,Hybrid,0.2974459912689898,0.37108885744724296,-4.66127576466393,0.1687560094831979,-0.09102734553207564,243.0
SUPPORT,AFT-Gumbel,0,CRE,0.28283556964886875,0.363738918794578,-4.4392375328330935,0.1591761286058476,-0.09216954283011446,372.0
SUPPORT,AFT-Gumbel,0,SCRE,0.09367630745483685,0.17907371567088728,-0.31832404115650736,-0.0898582913632317,-0.08558926601521682,1.0
SUPPORT,AFT-Gumbel,0,CISCaRL (direct),0.1949126486471571,0.23381288372602538,-1.247477530451539,-0.03501027333308719,0.09993061272581488,3.0
SUPPORT,AFT-Gumbel,0,CISCaRL (auto),0.1949126486471571,0.23381288372602538,-1.247477530451539,-0.03501027333308719,0.09993061272581488,3.0
SUPPORT,AFT-Gumbel,0,CISCaRL (posthoc),0.1301990036070142,0.15676149084273877,-0.010269523759851573,0.04091636525579996,0.006247536141437454,3.0
SUPPORT,AFT-Gumbel,1,Cox T-learner,0.11888035873330784,0.21360031368161633,-0.44875812715607655,0.0,-0.11888035873330784,
SUPPORT,AFT-Gumbel,1,CSF (RF),0.18352527132940372,0.23305540717971054,-0.7246877556211444,0.08383918336688881,-0.02469121432020865,
SUPPORT,AFT-Gumbel,1,Bo & Ding,0.4537014141881393,0.5576111606169278,-8.873133927497001,0.0027624534524060686,-0.005009841142981253,181.0
SUPPORT,AFT-Gumbel,1,Hybrid,0.345540313254543,0.4243135916907094,-4.716971138889448,0.044998576260605334,-0.012399650366351165,230.0
SUPPORT,AFT-Gumbel,1,CRE,0.3266229160904388,0.4088833363665618,-4.308733648601541,0.09177803975846782,-0.031026380958439993,344.0
SUPPORT,AFT-Gumbel,1,SCRE,0.1271191838266304,0.21288160459878544,-0.43902514629681044,0.07163834728542867,-0.11883709422565267,2.0
SUPPORT,AFT-Gumbel,1,CISCaRL (direct),0.19433686225122596,0.20983067549630413,-0.3980737142685222,-0.013185184310053532,0.09279260955671231,3.0
SUPPORT,AFT-Gumbel,1,CISCaRL (auto),0.19433686225122596,0.20983067549630413,-0.3980737142685222,-0.013185184310053532,0.09279260955671231,3.0
SUPPORT,AFT-Gumbel,1,CISCaRL (posthoc),0.1495902676943436,0.1754864496876826,0.02213412990970287,0.12324105860028053,-0.01499541263094372,7.0
SUPPORT,AFT-Gumbel,2,Cox T-learner,0.21523459685457538,0.2598101394962631,-1.3289062637769886,0.2862461954649418,0.06677751340778224,
SUPPORT,AFT-Gumbel,2,CSF (RF),0.1613513778125514,0.2115712513788145,-0.5443762929680509,0.2012878968312118,-0.00545516090050619,
SUPPORT,AFT-Gumbel,2,Bo & Ding,0.3703209338897144,0.4853085214602936,-7.12597816408725,0.14529763328448697,-0.06721404130389927,220.0
SUPPORT,AFT-Gumbel,2,Hybrid,0.3857689822652999,0.48777527396142006,-7.208794428018464,0.05794251324231258,-0.0805405708766158,246.0
SUPPORT,AFT-Gumbel,2,CRE,0.3658973431149461,0.45203804416038795,-6.050010943801865,0.11017002490051185,-0.0787661441361552,379.0
SUPPORT,AFT-Gumbel,2,SCRE,0.1286425497538852,0.19921333245615963,-0.3692306672895884,0.2907305710033216,-0.11290875512518088,1.0
SUPPORT,AFT-Gumbel,2,CISCaRL (direct),0.13293888972784595,0.16864960370212884,0.018680414339349527,0.24460135911188405,-0.03106826435216554,8.0
SUPPORT,AFT-Gumbel,2,CISCaRL (auto),0.13293888972784595,0.16864960370212884,0.018680414339349527,0.24460135911188405,-0.03106826435216554,8.0
SUPPORT,AFT-Gumbel,2,CISCaRL (posthoc),0.1399665333588742,0.17279042980381526,-0.030099524266305577,-0.009227038902963931,-0.03096268772819694,8.0
SUPPORT,Cox PH,0,Cox T-learner,0.11257174376878129,0.1707832299979598,-0.7682795247738918,0.0,0.11257174376878129,
SUPPORT,Cox PH,0,CSF (RF),0.3634595062407464,0.40926510658421283,-9.154765754827844,-0.0037731949398321922,0.3435569414673887,
SUPPORT,Cox PH,0,Bo & Ding,0.5482270512220186,0.66967197216295,-26.188466791451066,-0.06921287347900058,0.38203648818718183,202.0
SUPPORT,Cox PH,0,Hybrid,0.45388740249134846,0.5536619221869588,-17.584453062942842,0.12396579438149463,0.2947996381256988,243.0
SUPPORT,Cox PH,0,CRE,0.4428475756783353,0.5363787293643104,-16.442292548841753,0.09129052040647541,0.31787126832952745,382.0
SUPPORT,Cox PH,0,SCRE,0.11329906223379305,0.1725504933237347,-0.8050651549589076,-0.5296063669948188,0.11329906223379305,1.0
SUPPORT,Cox PH,0,CISCaRL (direct),0.29199675494954797,0.3226201554823045,-5.310204941806233,-0.2928587544926384,0.29199675494954797,4.0
SUPPORT,Cox PH,0,CISCaRL (auto),0.29199675494954797,0.3226201554823045,-5.310204941806233,-0.2928587544926384,0.29199675494954797,4.0
SUPPORT,Cox PH,0,CISCaRL (posthoc),0.29571286148275133,0.3230549451133749,-5.327224711904865,-0.13052585818881238,0.29571286148275133,6.0
SUPPORT,Cox PH,1,Cox T-learner,0.12086033872275014,0.17513172592686427,-0.9093197493569078,0.0,0.12086033872275014,
SUPPORT,Cox PH,1,CSF (RF),0.22688800554477323,0.2915207397230031,-4.290392865584363,-0.27167745144571737,0.1851245811256167,
SUPPORT,Cox PH,1,Bo & Ding,0.47599086800991564,0.5825186143096808,-20.123633555651285,0.041756426155561244,0.32310243980651104,187.0
SUPPORT,Cox PH,1,Hybrid,0.4346290295265426,0.5373244969128449,-16.973071040176702,-0.1864020371622227,0.23274201307210857,235.0
SUPPORT,Cox PH,1,CRE,0.4173031812423247,0.522435224663063,-15.990803280599973,-0.22804293404564527,0.23174351592207532,346.0
SUPPORT,Cox PH,1,SCRE,0.14333797250191907,0.1943895073573372,-1.3523105029522435,-0.22969589132393717,0.11138142462277065,1.0
SUPPORT,Cox PH,1,CISCaRL (direct),0.2096541558279052,0.24627158148842718,-2.7755272404458,-0.16472150745482902,0.2096541558279052,3.0
SUPPORT,Cox PH,1,CISCaRL (auto),0.2096541558279052,0.24627158148842718,-2.7755272404458,-0.16472150745482902,0.2096541558279052,3.0
SUPPORT,Cox PH,1,CISCaRL (posthoc),0.17401193830014527,0.2153863890273932,-1.8879224050707633,-0.04990876660617692,0.17401193830014527,7.0
SUPPORT,Cox PH,2,Cox T-learner,0.10695351009682937,0.16396209427508132,-0.7406547434218658,0.0,0.10695351009682937,
SUPPORT,Cox PH,2,CSF (RF),0.3330884704313856,0.3871157553186283,-8.70303098909422,-0.18108374338629452,0.324659692183707,
SUPPORT,Cox PH,2,Bo & Ding,0.4840223558349443,0.6300737707316728,-24.704462432908045,-0.2951064095413199,0.34292362143396476,209.0
SUPPORT,Cox PH,2,Hybrid,0.5061751331113535,0.6108575392429612,-23.16048236899042,-0.19370310083773168,0.33247256662214747,234.0
SUPPORT,Cox PH,2,CRE,0.4616090031123323,0.5679551659385983,-19.885930684308708,-0.21087870106481213,0.31827663371022075,363.0
SUPPORT,Cox PH,2,SCRE,0.12417594078693997,0.1742954479959106,-0.966970352856168,-0.3569475393406513,0.10606822464497612,4.0
SUPPORT,Cox PH,2,CISCaRL (direct),0.3647406403885615,0.3854478156346745,-8.619597521919637,0.04390891082090428,0.3647406403885615,4.0
SUPPORT,Cox PH,2,CISCaRL (auto),0.3647406403885615,0.3854478156346745,-8.619597521919637,0.04390891082090428,0.3647406403885615,4.0
SUPPORT,Cox PH,2,CISCaRL (posthoc),0.3335886931458506,0.35883993089126576,-7.33733501461519,0.043813129898863185,0.3335886931458506,4.0
SUPPORT,Non-PH (Crossing),0,Cox T-learner,0.21297515892937252,0.2795844857496786,-0.7642752328499978,0.3850611580938432,-0.07196906655920549,
SUPPORT,Non-PH (Crossing),0,CSF (RF),0.1448997466796664,0.1812184472584747,0.25878361661269533,0.7207084606850173,-0.06761288074846387,
SUPPORT,Non-PH (Crossing),0,Bo & Ding,0.36898528993047286,0.4535036649647832,-3.6419643694799273,0.38930574731896594,-0.06266496125372212,199.0
SUPPORT,Non-PH (Crossing),0,Hybrid,0.3576992249993568,0.43187369290909317,-3.209724752112603,0.4089789910697692,-0.05217342996939563,243.0
SUPPORT,Non-PH (Crossing),0,CRE,0.3215659579695928,0.3955578374013124,-2.5315079480620795,0.4515901089418392,-0.05094244985927621,381.0
SUPPORT,Non-PH (Crossing),0,SCRE,0.15566007932740694,0.19744422848918106,0.12010857147152099,0.8039138043678239,0.14022740069729495,1.0
SUPPORT,Non-PH (Crossing),0,CISCaRL (direct),0.21580704975991188,0.2568117322011664,-0.48857225715901986,0.23115432994421176,-0.15856317840874953,7.0
SUPPORT,Non-PH (Crossing),0,CISCaRL (auto),0.21580704975991188,0.2568117322011664,-0.48857225715901986,0.23115432994421176,-0.15856317840874953,7.0
SUPPORT,Non-PH (Crossing),0,CISCaRL (posthoc),0.18405398034625475,0.23520682595058176,-0.2486480488423044,0.7586218852949568,-0.1546694352181739,9.0
SUPPORT,Non-PH (Crossing),1,Cox T-learner,0.16789188036156308,0.25071543780426636,-0.42862920669814564,0.0,0.1373289800120345,
SUPPORT,Non-PH (Crossing),1,CSF (RF),0.14805774203692074,0.18926215608956817,0.18588653424188029,0.5961354656917864,-0.03453914874741848,
SUPPORT,Non-PH (Crossing),1,Bo & Ding,0.3917235421971105,0.48224280604984865,-4.2855341965638365,0.15609825789352003,-0.025564962915925016,197.0
SUPPORT,Non-PH (Crossing),1,Hybrid,0.34313119711908735,0.4376725046500432,-3.3536739399310065,0.288091700306989,-0.029497738538992055,250.0
SUPPORT,Non-PH (Crossing),1,CRE,0.31420141233088,0.39848552261315046,-2.6089633102010072,0.32747566489260715,-0.016028997004514697,377.0
SUPPORT,Non-PH (Crossing),1,SCRE,0.1381512466584037,0.18203309446756133,0.24689058761064608,0.7948958744829496,0.1182020502747227,1.0
SUPPORT,Non-PH (Crossing),1,CISCaRL (direct),0.19240871491253664,0.21263656959917912,-0.027621746535079206,0.005789552123596972,0.022673571782993247,5.0
SUPPORT,Non-PH (Crossing),1,CISCaRL (auto),0.19240871491253664,0.21263656959917912,-0.027621746535079206,0.005789552123596972,0.022673571782993247,5.0
SUPPORT,Non-PH (Crossing),1,CISCaRL (posthoc),0.19665995847238868,0.21215379808014206,-0.02296080480996343,0.01239776563782483,-0.005561502474882589,7.0
SUPPORT,Non-PH (Crossing),2,Cox T-learner,0.2086852478310779,0.2794153313079985,-0.5456202605416272,0.4566999687926712,-0.01771736396084732,
SUPPORT,Non-PH (Crossing),2,CSF (RF),0.13655424471909083,0.17029180496073365,0.4258969743603809,0.6582341671288531,-0.027344382973448874,
SUPPORT,Non-PH (Crossing),2,Bo & Ding,0.43814114258100223,0.5482818600446834,-4.951276018802098,0.10342151758565658,-0.04208906166989979,186.0
SUPPORT,Non-PH (Crossing),2,Hybrid,0.34602526623115065,0.44290591825398146,-2.8835178470096623,0.2256535656873528,-0.010776622242517348,235.0
SUPPORT,Non-PH (Crossing),2,CRE,0.32312514969947986,0.410708021206474,-2.3394020381423943,0.2534689586832352,-0.01361144575460451,375.0
SUPPORT,Non-PH (Crossing),2,SCRE,0.15867584087876652,0.2034420711547387,0.1806227994057953,0.7026984756425044,0.12083213861127617,3.0
SUPPORT,Non-PH (Crossing),2,CISCaRL (direct),0.1409191959702352,0.2031845956103053,0.18269548858409224,0.3747742572553452,0.06258757923352923,3.0
SUPPORT,Non-PH (Crossing),2,CISCaRL (auto),0.1409191959702352,0.2031845956103053,0.18269548858409224,0.3747742572553452,0.06258757923352923,3.0
SUPPORT,Non-PH (Crossing),2,CISCaRL (posthoc),0.19693358073951284,0.2151826358120781,0.0833220512817644,0.5579905671932853,0.03517037561516513,9.0
SUPPORT,Nonlinear XOR,0,Cox T-learner,0.26699127706441567,0.344047642354884,-0.29847450011282595,0.49246249933272834,0.028565216658970525,
SUPPORT,Nonlinear XOR,0,CSF (RF),0.2333793411794519,0.31184930853601756,-0.0668069192744376,0.5525383013932632,0.03499883143477838,
SUPPORT,Nonlinear XOR,0,Bo & Ding,0.4049018945697961,0.5158166900338629,-1.918683705775448,0.42955746543532797,-0.07135782123776035,197.0
SUPPORT,Nonlinear XOR,0,Hybrid,0.36119099037778646,0.463873242582221,-1.3604504975126113,0.4637110980622431,0.03174699133642974,253.0
SUPPORT,Nonlinear XOR,0,CRE,0.3478183464368201,0.4405826900243447,-1.1293699132854065,0.45226605455613084,0.03108724403534976,420.0
SUPPORT,Nonlinear XOR,0,SCRE,0.26615483048377664,0.2891948582313616,0.08256060005868537,0.4382213206640687,0.09554924718883918,1.0
SUPPORT,Nonlinear XOR,0,CISCaRL (direct),0.22527899794987563,0.2600400270807984,0.25821737212295426,0.5490340169519112,0.01435260105256775,5.0
SUPPORT,Nonlinear XOR,0,CISCaRL (auto),0.22527899794987563,0.2600400270807984,0.25821737212295426,0.5490340169519112,0.01435260105256775,5.0
SUPPORT,Nonlinear XOR,0,CISCaRL (posthoc),0.2240957581008796,0.2513970984324666,0.3067070647557173,0.5527070024954964,0.022624804594977635,5.0
SUPPORT,Nonlinear XOR,1,Cox T-learner,0.29591261185965756,0.3088772348077753,-0.06851903914935464,0.0,0.07821686413691631,
SUPPORT,Nonlinear XOR,1,CSF (RF),0.20576387857507547,0.24184706031941522,0.3449233953739542,0.6037954412000213,-0.026877646021728062,
SUPPORT,Nonlinear XOR,1,Bo & Ding,0.43930986585339576,0.5309119164504587,-2.1568606392279883,0.18580579725617893,-0.07252217984634286,193.0
SUPPORT,Nonlinear XOR,1,Hybrid,0.36732608633073366,0.4540963984421583,-1.3094394407561927,0.25191373511984194,-0.018954245520526505,235.0
SUPPORT,Nonlinear XOR,1,CRE,0.3394339658265341,0.4175398831745356,-0.9525690198483618,0.3095606683392943,-0.013384986105543176,378.0
SUPPORT,Nonlinear XOR,1,SCRE,0.27606390144300175,0.2912782354043986,0.0497748224249438,0.5467997651203759,0.0758220935160469,1.0
SUPPORT,Nonlinear XOR,1,CISCaRL (direct),0.2930284216212309,0.35072002933100266,-0.3776268582412683,0.036973203325166785,-0.15538156905243614,3.0
SUPPORT,Nonlinear XOR,1,CISCaRL (auto),0.2930284216212309,0.35072002933100266,-0.3776268582412683,0.036973203325166785,-0.15538156905243614,3.0
SUPPORT,Nonlinear XOR,1,CISCaRL (posthoc),0.2548800567064584,0.2862483838841895,0.08230883536728073,0.4652910844764661,-0.08106268689466205,5.0
SUPPORT,Nonlinear XOR,2,Cox T-learner,0.3030992762270964,0.3167222333656933,-0.12062834675249046,0.0,0.10391361106105798,
SUPPORT,Nonlinear XOR,2,CSF (RF),0.276882295868163,0.3187159343922259,-0.1347809988636144,0.24714674638338763,-0.08268700310532207,
SUPPORT,Nonlinear XOR,2,Bo & Ding,0.4604332481667587,0.568565475196193,-2.6113158237826406,0.10992366412213742,-0.013450894194834166,201.0
SUPPORT,Nonlinear XOR,2,Hybrid,0.37282022338865345,0.46322317123542955,-1.3970939314374178,0.24214487802274065,-0.04288964439047458,235.0
SUPPORT,Nonlinear XOR,2,CRE,0.36488180670135184,0.45455318016290636,-1.3082024764674167,0.2355949394117333,-0.04317606312153451,367.0
SUPPORT,Nonlinear XOR,2,SCRE,0.2888012156246814,0.30273400412022833,-0.023827786023845166,0.5845673410558907,0.10304204754049621,1.0
SUPPORT,Nonlinear XOR,2,CISCaRL (direct),0.2635326929682677,0.3478175171308165,-0.35147309037058205,0.30256957983125093,-0.20271733878593673,1.0
SUPPORT,Nonlinear XOR,2,CISCaRL (auto),0.2635326929682677,0.3478175171308165,-0.35147309037058205,0.30256957983125093,-0.20271733878593673,1.0
SUPPORT,Nonlinear XOR,2,CISCaRL (posthoc),0.271900990163125,0.2986207946360258,0.0038044551681305494,-0.09955351357464341,-0.03482187837135302,8.0
GBSG,AFT-Gumbel,0,Cox T-learner,0.136781253967216,0.17983102305136472,-0.040308260312367006,0.42483327767035606,0.051142824017132375,
GBSG,AFT-Gumbel,0,CSF (RF),0.13731466506684764,0.18709838195046324,-0.12608942568542547,0.5304503964535184,0.07777311474804849,
GBSG,AFT-Gumbel,0,Bo & Ding,0.4776086144001107,0.5987043539106306,-10.53075248564827,0.2290633094800447,0.10751534623043107,262.0
GBSG,AFT-Gumbel,0,Hybrid,0.41313281615200614,0.5385050110379535,-8.328510718913014,0.12245969022996925,0.1540131983677609,344.0
GBSG,AFT-Gumbel,0,CRE,0.41738358810023585,0.5445727197417348,-8.53991664953666,0.12639519741180322,0.13778788748615695,608.0
GBSG,AFT-Gumbel,0,SCRE,0.24906377475899016,0.2911195616229426,-1.7263122450565698,0.5423303807997478,-0.24905381287348785,1.0
GBSG,AFT-Gumbel,0,CISCaRL (direct),0.16689949878790047,0.2013229413920002,-0.3038251404154224,0.1671119131893436,0.08124617510401548,2.0
GBSG,AFT-Gumbel,0,CISCaRL (auto),0.16689949878790047,0.2013229413920002,-0.3038251404154224,0.1671119131893436,0.08124617510401548,2.0
GBSG,AFT-Gumbel,0,CISCaRL (posthoc),0.14009405098489902,0.1810530218551778,-0.05449463021204459,0.3889392878830214,0.07047622546869468,7.0
GBSG,AFT-Gumbel,1,Cox T-learner,0.10925622140951,0.14557542989375405,0.34576282545836723,0.7360621789370851,0.05387157823978932,
GBSG,AFT-Gumbel,1,CSF (RF),0.14729762422917048,0.19199113704317197,-0.13794537856813527,0.6048274918953361,0.08487955838749384,
GBSG,AFT-Gumbel,1,Bo & Ding,0.44821437291545674,0.5969744538067011,-10.001972340621286,0.30064956462595843,0.06664048893185107,284.0
GBSG,AFT-Gumbel,1,Hybrid,0.3806761657963699,0.4916131945205935,-6.461155924815714,0.17648145273685228,0.10106463984280653,371.0
GBSG,AFT-Gumbel,1,CRE,0.3897260668185896,0.5012747778698013,-6.7573031103790555,0.19507799937510967,0.11215995265398156,655.0
GBSG,AFT-Gumbel,1,SCRE,0.24173040747105404,0.281363908985758,-1.443969788790287,0.5797237017697437,-0.24106186735632246,2.0
GBSG,AFT-Gumbel,1,CISCaRL (direct),0.15755089242484327,0.1854983822237644,-0.06228074092516844,0.0,0.04491561574122285,0.0
GBSG,AFT-Gumbel,1,CISCaRL (auto),0.15755089242484327,0.1854983822237644,-0.06228074092516844,0.0,0.04491561574122285,0.0
GBSG,AFT-Gumbel,1,CISCaRL (posthoc),0.1414895798761123,0.16704199596964323,0.13858903339243567,0.48376489886483426,0.05057810798587307,6.0
GBSG,AFT-Gumbel,2,Cox T-learner,0.09660190924516016,0.1270079334587474,0.43264067145326657,0.6579200439982554,0.02892210469379593,
GBSG,AFT-Gumbel,2,CSF (RF),0.1249116949334917,0.15620446428896526,0.14181012955839045,0.5609499286468955,0.02800365460859911,
GBSG,AFT-Gumbel,2,Bo & Ding,0.46110257009551875,0.5880246822961065,-11.161513113631173,0.17404937079750174,-0.01643406456049913,300.0
GBSG,AFT-Gumbel,2,Hybrid,0.4111605283665957,0.5170846146286997,-8.4041540005444,0.13697716429746526,0.006635681457341057,352.0
GBSG,AFT-Gumbel,2,CRE,0.38616542640211426,0.4953385591487928,-7.629800850115794,0.19590907879864883,0.025341982970346694,618.0
GBSG,AFT-Gumbel,2,SCRE,0.2642284869910867,0.2949296765669192,-2.0593801860398093,0.5332534419541153,-0.261840339406232,1.0
GBSG,AFT-Gumbel,2,CISCaRL (direct),0.1462604004699074,0.16841178899306422,0.002434366542017452,0.10007011467355353,0.008134031867593877,3.0
GBSG,AFT-Gumbel,2,CISCaRL (auto),0.1462604004699074,0.16841178899306422,0.002434366542017452,0.10007011467355353,0.008134031867593877,3.0
GBSG,AFT-Gumbel,2,CISCaRL (posthoc),0.1454044024563136,0.16981821323865276,-0.01429675190170987,-0.05023129784558537,0.014298613952647915,5.0
GBSG,Cox PH,0,Cox T-learner,0.6126301867849018,0.6285469981988268,-33.61730708417617,-0.26441856667702784,0.6126301867849018,
GBSG,Cox PH,0,CSF (RF),0.6291719579772298,0.6458805462456925,-35.5529283522754,0.04906697250065466,0.6291719579772298,
GBSG,Cox PH,0,Bo & Ding,0.6943386468728233,0.8326070528611276,-59.74323790295109,-0.14554420899576787,0.5972047090186634,245.0
GBSG,Cox PH,0,Hybrid,0.7325564159467164,0.8495576475079206,-62.24169111517466,-0.06635827585246747,0.6639032021171677,347.0
GBSG,Cox PH,0,CRE,0.714842010919544,0.8245243830533663,-58.5696123389456,-0.04412366988169039,0.6581883306800764,564.0
GBSG,Cox PH,0,SCRE,0.2829953254556469,0.31328480387116553,-7.599959906700144,-0.8539076189185257,0.28257341249753776,1.0
GBSG,Cox PH,0,CISCaRL (direct),0.5545052093084961,0.5722237739674251,-27.691256098023572,0.07702864926231628,0.5545052093084961,1.0
GBSG,Cox PH,0,CISCaRL (auto),0.5545052093084961,0.5722237739674251,-27.691256098023572,0.07702864926231628,0.5545052093084961,1.0
GBSG,Cox PH,0,CISCaRL (posthoc),0.6375851310560046,0.6463835562030645,-35.609885158642896,0.09167303731992522,0.6375851310560046,6.0
GBSG,Cox PH,1,Cox T-learner,0.6617397437971609,0.6896134318456786,-45.063442453093145,-0.692110090176091,0.6617397437971609,
GBSG,Cox PH,1,CSF (RF),0.6921623046942922,0.7262113272271313,-50.0823660142219,-0.42336434626718655,0.6921623046942922,
GBSG,Cox PH,1,Bo & Ding,0.7484880580280562,0.8760143874944539,-73.33056693861464,-0.1025349689286816,0.67934922962203,176.0
GBSG,Cox PH,1,Hybrid,0.7522661776154501,0.8708612033742884,-72.45863496477492,-0.1604963950561683,0.7098946827277144,331.0
GBSG,Cox PH,1,CRE,0.7692779472216726,0.8896106974398147,-75.65578942395672,-0.15902694688169677,0.7090526992117059,624.0
GBSG,Cox PH,1,SCRE,0.28888872399413096,0.33182430630706483,-9.665012225115191,-0.8072465072252729,0.28888872399413096,1.0
GBSG,Cox PH,1,CISCaRL (direct),0.6507897087589171,0.6602783999858108,-41.227867261419846,-0.4805714466528943,0.6507897087589171,1.0
GBSG,Cox PH,1,CISCaRL (auto),0.6507897087589171,0.6602783999858108,-41.227867261419846,-0.4805714466528943,0.6507897087589171,1.0
GBSG,Cox PH,1,CISCaRL (posthoc),0.6545763554973336,0.666747141066188,-42.05933234710064,-0.435897843153319,0.6545763554973336,8.0
GBSG,Cox PH,2,Cox T-learner,0.5370154656249668,0.5782211164863845,-29.169332093809494,-0.3645070946935403,0.5362253588971722,
GBSG,Cox PH,2,CSF (RF),0.5977254805583718,0.6240849501282681,-34.145135255198575,0.09269935196565966,0.5977254805583718,
GBSG,Cox PH,2,Bo & Ding,0.7917053808903074,0.9712867199746594,-84.12805316196177,-0.1301103404745074,0.5711380371680443,258.0
GBSG,Cox PH,2,Hybrid,0.6881391207179115,0.804596471565902,-57.41630015951259,0.00877333152532136,0.5088084447074154,341.0
GBSG,Cox PH,2,CRE,0.6700874003763057,0.787735532383429,-54.9936361610789,-0.03277584230214395,0.5005297833205044,577.0
GBSG,Cox PH,2,SCRE,0.25779195356836737,0.3062057836303986,-7.460666540074161,-0.785130404237721,0.25779195356836737,1.0
GBSG,Cox PH,2,CISCaRL (direct),0.4950553539792556,0.5462858335375692,-25.928841896260455,0.16395505200902044,0.4950553539792556,1.0
GBSG,Cox PH,2,CISCaRL (auto),0.4950553539792556,0.5462858335375692,-25.928841896260455,0.16395505200902044,0.4950553539792556,1.0
GBSG,Cox PH,2,CISCaRL (posthoc),0.6026998940100866,0.6114700817933326,-32.73869070195969,0.16807783938272233,0.6026998940100866,8.0
GBSG,Non-PH (Crossing),0,Cox T-learner,0.13437596578824162,0.17539865464322146,0.5970867516725598,0.7230232431393327,0.03524322941189776,
GBSG,Non-PH (Crossing),0,CSF (RF),0.14402928722157585,0.17749141942605634,0.5874146936472605,0.6863590485726679,0.025953853955282196,
GBSG,Non-PH (Crossing),0,Bo & Ding,0.4699062779339525,0.5931488255208539,-3.6077231983583955,0.3233903598393807,-0.007207104896887019,290.0
GBSG,Non-PH (Crossing),0,Hybrid,0.44884500793869175,0.5372844282258787,-2.780659280663549,0.31117582883245437,0.049381591599906564,374.0
GBSG,Non-PH (Crossing),0,CRE,0.45138719255817844,0.537481024309832,-2.7834265255446002,0.3209669952306698,0.058146970469377106,694.0
GBSG,Non-PH (Crossing),0,SCRE,0.16835282321218428,0.21183107476738106,0.4123234364780024,0.7046425535554326,0.11746907179107166,1.0
GBSG,Non-PH (Crossing),0,CISCaRL (direct),0.26510352895291406,0.28796244068868637,-0.08600224684991598,-0.021880639746491445,-0.07269171062274263,1.0
GBSG,Non-PH (Crossing),0,CISCaRL (auto),0.26510352895291406,0.28796244068868637,-0.08600224684991598,-0.021880639746491445,-0.07269171062274263,1.0
GBSG,Non-PH (Crossing),0,CISCaRL (posthoc),0.18184768346566346,0.19640603287220265,0.4947937912219519,0.7602932074930765,-0.013885883900472403,7.0
GBSG,Non-PH (Crossing),1,Cox T-learner,0.12396989914511186,0.16003289579562177,0.6745702859607589,0.6855150014355739,0.02658532340747477,
GBSG,Non-PH (Crossing),1,CSF (RF),0.10874462592208856,0.14603826671868017,0.7289982992336814,0.7926088317427687,0.009724645120017182,
GBSG,Non-PH (Crossing),1,Bo & Ding,0.44714993413243226,0.5673809335537413,-3.0906107178046467,0.5029153828614704,0.004278432692626749,248.0
GBSG,Non-PH (Crossing),1,Hybrid,0.3867495907852391,0.4904288177147389,-2.0562624094558695,0.43838435282304206,0.021233164996394327,359.0
GBSG,Non-PH (Crossing),1,CRE,0.4083790813284727,0.5076311306201164,-2.2744259373184743,0.43629884250102746,0.020241911027314163,644.0
GBSG,Non-PH (Crossing),1,SCRE,0.13696968106163213,0.1873842969014641,0.5538251730538637,0.6971664684825488,0.09828132470499716,1.0
GBSG,Non-PH (Crossing),1,CISCaRL (direct),0.25420768024994095,0.2739805454312053,0.046154294610121105,0.45785313817905354,-0.08126314822409135,9.0
GBSG,Non-PH (Crossing),1,CISCaRL (auto),0.25420768024994095,0.2739805454312053,0.046154294610121105,0.45785313817905354,-0.08126314822409135,9.0
GBSG,Non-PH (Crossing),1,CISCaRL (posthoc),0.24689317520314677,0.258246305506785,0.15256399639747698,0.416699176782895,-0.05056878581411806,9.0
GBSG,Non-PH (Crossing),2,Cox T-learner,0.1462097112866905,0.19788567445331604,0.4861468209880728,0.6591650068007971,0.06522462153226277,
GBSG,Non-PH (Crossing),2,CSF (RF),0.1709117079092382,0.24263685386785475,0.22745485250628228,0.6633656434857009,0.05772219240550477,
GBSG,Non-PH (Crossing),2,Bo & Ding,0.4950033351800932,0.6435088144256005,-4.433996280428619,0.38030854110744144,0.03870630563194236,235.0
GBSG,Non-PH (Crossing),2,Hybrid,0.46151970421007654,0.5763923288791172,-3.3596007762084703,0.3896757649749116,0.09417621417083887,370.0
GBSG,Non-PH (Crossing),2,CRE,0.4623080811921805,0.5859487048460819,-3.5053603648737397,0.3975916349832454,0.1069046701683879,672.0
GBSG,Non-PH (Crossing),2,SCRE,0.1441205923529039,0.19624141539462386,0.4946506959644683,0.7161646265493532,0.10868415053381325,1.0
GBSG,Non-PH (Crossing),2,CISCaRL (direct),0.24325775942096886,0.28308457363474016,-0.05158103247272927,0.44024288962002744,-0.09770545738650165,6.0
GBSG,Non-PH (Crossing),2,CISCaRL (auto),0.24325775942096886,0.28308457363474016,-0.05158103247272927,0.44024288962002744,-0.09770545738650165,6.0
GBSG,Non-PH (Crossing),2,CISCaRL (posthoc),0.2201319177087619,0.23329620728261322,0.2857903830047015,0.5890351364562881,-0.028599713847277004,8.0
GBSG,Nonlinear XOR,0,Cox T-learner,0.14381091211948263,0.1848187439930047,0.20811807832531248,0.2712306248373158,-0.01962272402729243,
GBSG,Nonlinear XOR,0,CSF (RF),0.20964042982479933,0.2513598237701779,-0.4647385970951414,0.3992298835534547,-0.03191896337531006,
GBSG,Nonlinear XOR,0,Bo & Ding,0.43563133723570846,0.5396389035381451,-5.751105607569747,0.18318763228376705,-0.08076843885092812,267.0
GBSG,Nonlinear XOR,0,Hybrid,0.3635557330305565,0.4661829948079391,-4.038267874170833,0.27035970354855027,-0.022675495617124307,345.0
GBSG,Nonlinear XOR,0,CRE,0.3876048879564603,0.48570463955852505,-4.469062711203305,0.27412174434427294,-0.015400337321828429,620.0
GBSG,Nonlinear XOR,0,SCRE,0.30804192577851325,0.31293024925590895,-1.2701967176237727,-0.061262695856015056,-0.23415058559413435,2.0
GBSG,Nonlinear XOR,0,CISCaRL (direct),0.19576392483000885,0.2514275701887726,-0.46552825524311325,-0.0258588313002342,-0.0005136302917972224,4.0
GBSG,Nonlinear XOR,0,CISCaRL (auto),0.19576392483000885,0.2514275701887726,-0.46552825524311325,-0.0258588313002342,-0.0005136302917972224,4.0
GBSG,Nonlinear XOR,0,CISCaRL (posthoc),0.18486444122970652,0.21549725662701882,-0.07659384075705722,0.4014290329385324,-0.05755644850898118,10.0
GBSG,Nonlinear XOR,1,Cox T-learner,0.11729549144556962,0.17359658976322306,0.23792263411808312,0.55743146433241,-0.01813940300113177,
GBSG,Nonlinear XOR,1,CSF (RF),0.12622390598009348,0.16940003994144373,0.27432242766407,0.3575548064234177,0.007860364307000468,
GBSG,Nonlinear XOR,1,Bo & Ding,0.49163961328588696,0.6060373081196115,-8.28785454191597,0.08689612049221798,0.0029977395459726062,241.0
GBSG,Nonlinear XOR,1,Hybrid,0.419871360087297,0.5332918309839716,-6.1919481317656375,0.09055108247214752,0.055269115890783,352.0
GBSG,Nonlinear XOR,1,CRE,0.43699712061847146,0.5511196996861232,-6.680837100597294,0.09244479892334481,0.05142784037765012,602.0
GBSG,Nonlinear XOR,1,SCRE,0.3022995495661268,0.30549331019562426,-1.3600439622249234,0.7031405561320915,-0.23395967272770454,2.0
GBSG,Nonlinear XOR,1,CISCaRL (direct),0.14367487366027942,0.21531920177407896,-0.17241726858265105,0.13761387676927128,0.026203862816855657,3.0
GBSG,Nonlinear XOR,1,CISCaRL (auto),0.14367487366027942,0.21531920177407896,-0.17241726858265105,0.13761387676927128,0.026203862816855657,3.0
GBSG,Nonlinear XOR,1,CISCaRL (posthoc),0.12470967930730457,0.19774157199220055,0.01119045734593982,0.2164662949262642,-3.136677005521893e-05,7.0
GBSG,Nonlinear XOR,2,Cox T-learner,0.11877018804180188,0.16830595083834216,0.2790016623126641,0.5460288567254304,-0.01851305693717822,
GBSG,Nonlinear XOR,2,CSF (RF),0.14672951468085108,0.20087914020561856,-0.027081724736427892,0.5625053623477689,-0.011227837815206077,
GBSG,Nonlinear XOR,2,Bo & Ding,0.4299259996566949,0.5763153833919693,-7.453873489678857,0.44121030502547265,0.03768235197587194,215.0
GBSG,Nonlinear XOR,2,Hybrid,0.39233620575584327,0.49329693694916776,-5.193728404228592,0.322394636649947,0.003968719694480702,370.0
GBSG,Nonlinear XOR,2,CRE,0.38649815431288004,0.49759488394860313,-5.302126741173539,0.3604768405865063,-0.007368120628731291,615.0
GBSG,Nonlinear XOR,2,SCRE,0.29646442769988457,0.3014314970115224,-1.3126642172418501,0.13805641950308103,-0.22733646856784673,1.0
GBSG,Nonlinear XOR,2,CISCaRL (direct),0.12382913427220996,0.21115487614018455,-0.1348476164540573,-0.11034898040553999,0.045317023890627084,1.0
GBSG,Nonlinear XOR,2,CISCaRL (auto),0.11620224754465944,0.196736816841073,0.014840384333262402,0.5963194440843921,0.014984208668412656,6.0
GBSG,Nonlinear XOR,2,CISCaRL (posthoc),0.11620224754465944,0.196736816841073,0.014840384333262402,0.5963194440843921,0.014984208668412656,6.0
ACTG175,AFT-Gumbel,0,Cox T-learner,0.09237460199664208,0.18424652237025924,-0.33576623722744925,0.0,-0.09237460199664208,
ACTG175,AFT-Gumbel,0,CSF (RF),0.07009232525535856,0.08703266292813379,0.7019450032867651,0.76153859113032,-0.013797265533229576,
ACTG175,AFT-Gumbel,0,Bo & Ding,0.1885013372606268,0.24105190258989884,-1.2864041023112578,0.5519508607457332,-0.007602524803218166,229.0
ACTG175,AFT-Gumbel,0,Hybrid,0.22437310554827997,0.2956576472797581,-2.439617078378245,0.5053466486501416,-0.02766643429028349,642.0
ACTG175,AFT-Gumbel,0,CRE,0.2490119485946808,0.32620537463433114,-3.187107276445243,0.4812651709814515,-0.023963732373535964,1497.0
ACTG175,AFT-Gumbel,0,SCRE,0.1166331213773466,0.1773716276764706,-0.23794162530367613,0.5134101608555027,-0.10420181474607132,2.0
ACTG175,AFT-Gumbel,0,CISCaRL (direct),0.13777032888401747,0.15923463936835872,0.0022839454684699945,0.44608367641178504,0.06693560295470065,10.0
ACTG175,AFT-Gumbel,0,CISCaRL (auto),0.13777032888401747,0.15923463936835872,0.0022839454684699945,0.44608367641178504,0.06693560295470065,10.0
ACTG175,AFT-Gumbel,0,CISCaRL (posthoc),0.13410938566053573,0.15216077396147057,0.08896034585169155,0.46886970118526494,0.05589936652041554,9.0
ACTG175,AFT-Gumbel,1,Cox T-learner,0.1120606374995553,0.20340950054539128,-0.4357574043935344,0.0,-0.1120606374995553,
ACTG175,AFT-Gumbel,1,CSF (RF),0.07915825453111242,0.09935830359209562,0.6574318884167263,0.7826842101022771,0.02217228848715251,
ACTG175,AFT-Gumbel,1,Bo & Ding,0.19550429844552386,0.24835361956568489,-1.1403243164755645,0.4872906411682488,0.030019344833959953,294.0
ACTG175,AFT-Gumbel,1,Hybrid,0.20408408767974545,0.26563935326951077,-1.4486314670624725,0.5162766406615417,0.01763530764862034,665.0
ACTG175,AFT-Gumbel,1,CRE,0.2201434668543759,0.29273850499068327,-1.9737078475376744,0.5080908871694932,0.019563840503086564,1607.0
ACTG175,AFT-Gumbel,1,SCRE,0.12577126734237962,0.19699000982885634,-0.3465640061613333,0.4603359371151034,-0.11615424678256586,1.0
ACTG175,AFT-Gumbel,1,CISCaRL (direct),0.14209722106587339,0.1592133182597707,0.12037536166419227,0.4602384232502443,0.019103422760619753,6.0
ACTG175,AFT-Gumbel,1,CISCaRL (auto),0.14209722106587339,0.1592133182597707,0.12037536166419227,0.4602384232502443,0.019103422760619753,6.0
ACTG175,AFT-Gumbel,1,CISCaRL (posthoc),0.14440118531585422,0.16152805606210616,0.0946124236984508,0.4898165925566258,0.034483601374853644,6.0
ACTG175,AFT-Gumbel,2,Cox T-learner,0.09981138691396921,0.19180423442108022,-0.37136018025671147,0.0,-0.09981138691396921,
ACTG175,AFT-Gumbel,2,CSF (RF),0.08072163312522429,0.10319056942356113,0.6030688601948462,0.7741824990162857,0.018658790465592857,
ACTG175,AFT-Gumbel,2,Bo & Ding,0.20806623174868863,0.2683635947955543,-1.6846171160896581,0.5548522211976133,0.02513082982472035,281.0
ACTG175,AFT-Gumbel,2,Hybrid,0.21541529329839446,0.2763422765555821,-1.8466220916115739,0.5499314859177,0.021792834233624093,669.0
ACTG175,AFT-Gumbel,2,CRE,0.25226127872487975,0.3245153827841178,-2.9255971502053706,0.5073631387385791,0.01587071770848139,1515.0
ACTG175,AFT-Gumbel,2,SCRE,0.12575477543617716,0.18398595630726142,-0.26184061579665774,0.5207015296029947,-0.11125139162739967,1.0
ACTG175,AFT-Gumbel,2,CISCaRL (direct),0.14677684130817137,0.16079989218143204,0.03615619632641043,0.50877375695272,0.0742515470782106,9.0
ACTG175,AFT-Gumbel,2,CISCaRL (auto),0.14677684130817137,0.16079989218143204,0.03615619632641043,0.50877375695272,0.0742515470782106,9.0
ACTG175,AFT-Gumbel,2,CISCaRL (posthoc),0.13292732619582034,0.15284916451273706,0.12911403490980156,0.5355313043577428,0.06843111639738052,10.0
ACTG175,Cox PH,0,Cox T-learner,0.19078476349980908,0.22663728760276172,-2.4321606169901484,0.0,0.19078476349980908,
ACTG175,Cox PH,0,CSF (RF),0.4102634427362057,0.473879902808491,-14.005188558074645,-0.8502570217176831,0.38871825816510885,
ACTG175,Cox PH,0,Bo & Ding,0.45637074295359914,0.5479337376684248,-19.061387168830393,-0.44973453052432183,0.39306860873748467,258.0
ACTG175,Cox PH,0,Hybrid,0.45651848985833404,0.5456139003666606,-18.89187530071721,-0.4571183087841473,0.3847414344172025,759.0
ACTG175,Cox PH,0,CRE,0.47736334256779883,0.5718920573897722,-20.85410401359823,-0.41454179497046045,0.38684650794455494,1568.0
ACTG175,Cox PH,0,SCRE,0.21586247848701356,0.2667444249876587,-3.754398481020919,-0.3440494158473845,0.19217310711341032,4.0
ACTG175,Cox PH,0,CISCaRL (direct),0.3728000504824149,0.3973567143712091,-9.55032863236553,-0.007437123005257756,0.3728000504824149,10.0
ACTG175,Cox PH,0,CISCaRL (auto),0.3728000504824149,0.3973567143712091,-9.55032863236553,-0.007437123005257756,0.3728000504824149,10.0
ACTG175,Cox PH,0,CISCaRL (posthoc),0.3829937058303135,0.4078221553385343,-10.113388763704185,-0.4055846916346193,0.3829937058303135,10.0
ACTG175,Cox PH,1,Cox T-learner,0.1841191174765587,0.22133393120828423,-2.2466806724180692,0.0,0.1841191174765587,
ACTG175,Cox PH,1,CSF (RF),0.45861904399715775,0.5129226535346996,-16.43601928992168,-0.7374386315068352,0.44591931940804136,
ACTG175,Cox PH,1,Bo & Ding,0.5073703588415887,0.5868725791309286,-21.826073762640327,-0.4116540907689733,0.4501059124895083,260.0
ACTG175,Cox PH,1,Hybrid,0.4899324814815804,0.5744457689838363,-20.869640809136023,-0.3661531484114397,0.4256574991326441,727.0
ACTG175,Cox PH,1,CRE,0.4995012613572461,0.5946936633214656,-22.43852090924999,-0.3245297171546918,0.42613729974541553,1545.0
ACTG175,Cox PH,1,SCRE,0.21547584484643978,0.25497528572621414,-3.30863548960615,-0.1837353692127058,0.19515110304372463,1.0
ACTG175,Cox PH,1,CISCaRL (direct),0.4947388604193946,0.519070656156108,-16.856508160931668,-0.45593481220878784,0.4947388604193946,4.0
ACTG175,Cox PH,1,CISCaRL (auto),0.4947388604193946,0.519070656156108,-16.856508160931668,-0.45593481220878784,0.4947388604193946,4.0
ACTG175,Cox PH,1,CISCaRL (posthoc),0.46610297012448093,0.48726661371141167,-14.735367536966583,-0.41700881620339125,0.46610297012448093,7.0
ACTG175,Cox PH,2,Cox T-learner,0.187669301054568,0.2220699001873145,-2.498693287628882,0.0,0.187669301054568,
ACTG175,Cox PH,2,CSF (RF),0.4494125756789526,0.4887120160923902,-15.944646445929159,-0.44353957581775616,0.4367568660160734,
ACTG175,Cox PH,2,Bo & Ding,0.5025917936065171,0.5757982845423986,-22.52161896432309,-0.29211468371221805,0.44192443388428027,257.0
ACTG175,Cox PH,2,Hybrid,0.4775729852438361,0.555593920260585,-20.8998654436908,-0.2678808754909083,0.43796526015209775,771.0
ACTG175,Cox PH,2,CRE,0.49601725738342917,0.5835367159098741,-23.158104237754337,-0.2459078981163581,0.43901338348220414,1561.0
ACTG175,Cox PH,2,SCRE,0.22580462238207477,0.2690453444178541,-4.135437402421372,-0.2498836050477753,0.20174251459876658,1.0
ACTG175,Cox PH,2,CISCaRL (direct),0.4376837007043094,0.45945060043504354,-13.976285957759597,-0.2243782621209541,0.4376837007043094,8.0
ACTG175,Cox PH,2,CISCaRL (auto),0.4376837007043094,0.45945060043504354,-13.976285957759597,-0.2243782621209541,0.4376837007043094,8.0
ACTG175,Cox PH,2,CISCaRL (posthoc),0.42331643903328675,0.44249715659350125,-12.891445703148694,-0.313176036929652,0.42331643903328675,10.0
ACTG175,Non-PH (Crossing),0,Cox T-learner,0.20678685094586735,0.2606220683348473,-0.6837506506926174,0.0,0.16608146807426744,
ACTG175,Non-PH (Crossing),0,CSF (RF),0.0790598942641001,0.09773646997907963,0.7632070866364145,0.8526542796475753,-0.003810306373241624,
ACTG175,Non-PH (Crossing),0,Bo & Ding,0.19349985930041746,0.24283596427318713,-0.46177798085089106,0.6231112624172078,0.0052376225301437275,253.0
ACTG175,Non-PH (Crossing),0,Hybrid,0.20157831871591828,0.25212638353370187,-0.5757669638241831,0.5808898629306041,0.01948423960525418,673.0
ACTG175,Non-PH (Crossing),0,CRE,0.23740570677806097,0.2936614232735082,-1.137712029071591,0.5111117657181236,0.017959090440092716,1605.0
ACTG175,Non-PH (Crossing),0,SCRE,0.161183611890299,0.19814144635022118,0.02679112652386406,0.8000302607633374,0.1430798268504772,1.0
ACTG175,Non-PH (Crossing),0,CISCaRL (direct),0.1790347623725778,0.1915271617316661,0.09068124620201812,0.43791078995079014,-0.02690127038268,3.0
ACTG175,Non-PH (Crossing),0,CISCaRL (auto),0.1790347623725778,0.1915271617316661,0.09068124620201812,0.43791078995079014,-0.02690127038268,3.0
ACTG175,Non-PH (Crossing),0,CISCaRL (posthoc),0.15818083902972124,0.1727174873475732,0.2605172883130711,0.5183473128670724,0.007943147826266329,8.0
ACTG175,Non-PH (Crossing),1,Cox T-learner,0.22276884332922323,0.276799433925277,-0.774988135372523,0.0,0.18290054403716405,
ACTG175,Non-PH (Crossing),1,CSF (RF),0.07048409733684811,0.0858037866746685,0.8294396933703923,0.8514896210809435,-0.05068214054253285,
ACTG175,Non-PH (Crossing),1,Bo & Ding,0.17654874856569638,0.22800852544963496,-0.20439025017036228,0.6473683730144572,-0.039552157876292036,212.0
ACTG175,Non-PH (Crossing),1,Hybrid,0.20156748109858744,0.26002040720640235,-0.5663179585773561,0.5601539948505996,-0.05509050109617516,700.0
ACTG175,Non-PH (Crossing),1,CRE,0.24296684419000078,0.3124073459013234,-1.2610362942257507,0.49593302297604325,-0.05686241102943375,1586.0
ACTG175,Non-PH (Crossing),1,SCRE,0.1844770178942586,0.22563890038785694,-0.17948659211943196,0.7543927165336598,0.15778089467713755,1.0
ACTG175,Non-PH (Crossing),1,CISCaRL (direct),0.18646662614211904,0.20460890920088673,0.030128630109211185,0.3029271674994199,-0.040649718961140426,2.0
ACTG175,Non-PH (Crossing),1,CISCaRL (auto),0.18646662614211904,0.20460890920088673,0.030128630109211185,0.3029271674994199,-0.040649718961140426,2.0
ACTG175,Non-PH (Crossing),1,CISCaRL (posthoc),0.13636152210552765,0.1536858009781454,0.45281705941661143,0.6558600302498899,0.007449780677424314,6.0
ACTG175,Non-PH (Crossing),2,Cox T-learner,0.224611158485521,0.2787366399709456,-0.7294918144597622,0.0,0.18102769291757334,
ACTG175,Non-PH (Crossing),2,CSF (RF),0.09283986106267193,0.11130331689972947,0.7242302640474969,0.8233304424932676,0.03357707834254781,
ACTG175,Non-PH (Crossing),2,Bo & Ding,0.1964798657543317,0.24670167567738419,-0.35479813003820126,0.6297501532242167,0.03280974091300475,223.0
ACTG175,Non-PH (Crossing),2,Hybrid,0.2035438609062306,0.267535774923716,-0.5932873869896835,0.6303277611604964,0.03190998798745781,640.0
ACTG175,Non-PH (Crossing),2,CRE,0.24595663869647194,0.3121516424353238,-1.1690104209083803,0.5765319496704611,0.029359676723244,1536.0
ACTG175,Non-PH (Crossing),2,SCRE,0.17957914056867236,0.2170014326757723,-0.048227603647052364,0.7760096082867252,0.15626087288874585,1.0
ACTG175,Non-PH (Crossing),2,CISCaRL (direct),0.12961165306069028,0.15764100522004662,0.44681705648833514,0.7619272476180822,0.11966153873444187,8.0
ACTG175,Non-PH (Crossing),2,CISCaRL (auto),0.12961165306069028,0.15764100522004662,0.44681705648833514,0.7619272476180822,0.11966153873444187,8.0
ACTG175,Non-PH (Crossing),2,CISCaRL (posthoc),0.1380698843697707,0.16330223985665318,0.40637159600126804,0.7349310348138872,0.1068831897979874,8.0
ACTG175,Nonlinear XOR,0,Cox T-learner,0.28478963982098476,0.29629737850775645,-0.0005083217018271302,0.0,-0.006678620746050331,
ACTG175,Nonlinear XOR,0,CSF (RF),0.24580581805931367,0.2574195922508266,0.2448238194302077,0.5869242295805845,-0.036768657275864224,
ACTG175,Nonlinear XOR,0,Bo & Ding,0.19247236438979584,0.23849450591009835,0.35178086829631683,0.6454318301534553,-0.013687674698880156,231.0
ACTG175,Nonlinear XOR,0,Hybrid,0.20574825103446548,0.2668237470418677,0.18863915681435284,0.584999892974009,-0.00647200786985244,676.0
ACTG175,Nonlinear XOR,0,CRE,0.2466540728652588,0.31157178665500934,-0.10632145924013536,0.5072557734633303,-0.012676794052770675,1535.0
ACTG175,Nonlinear XOR,0,SCRE,0.2852183752051646,0.29213852262118023,0.027381010802113526,0.07970550706834356,-0.00983278158724622,1.0
ACTG175,Nonlinear XOR,0,CISCaRL (direct),0.2854384497731743,0.29241278825295014,0.025553924273908457,0.38228634468181966,-0.08589390360649499,9.0
ACTG175,Nonlinear XOR,0,CISCaRL (auto),0.2854384497731743,0.29241278825295014,0.025553924273908457,0.38228634468181966,-0.08589390360649499,9.0
ACTG175,Nonlinear XOR,0,CISCaRL (posthoc),0.2858809571065927,0.2924347231833351,0.02540772541134817,0.4075381784625274,-0.060921540799840704,10.0
ACTG175,Nonlinear XOR,1,Cox T-learner,0.2915827330196555,0.30308118849555793,-0.00010370894589595281,0.0,0.0030863457224563047,
ACTG175,Nonlinear XOR,1,CSF (RF),0.1255237151907881,0.17667488532517628,0.6601582661146412,0.8231869632728781,0.046881992716963444,
ACTG175,Nonlinear XOR,1,Bo & Ding,0.20298598957315309,0.2626711029796389,0.24880676160474158,0.6702133468234491,0.04994744725551126,272.0
ACTG175,Nonlinear XOR,1,Hybrid,0.22333559792000715,0.3036513557693312,-0.0038701107691396786,0.6147300666725468,0.030106474969315105,634.0
ACTG175,Nonlinear XOR,1,CRE,0.25029494092656723,0.3324940970965324,-0.20363540392083057,0.5722372946713755,0.029720418932524476,1502.0
ACTG175,Nonlinear XOR,1,SCRE,0.2901863000925106,0.29985933705525586,0.021046129825656235,0.21323998743524275,0.0030680399821391533,1.0
ACTG175,Nonlinear XOR,1,CISCaRL (direct),0.24794878728973876,0.31127912955791287,-0.05493835227138977,0.24835061690248886,0.12540922074820657,6.0
ACTG175,Nonlinear XOR,1,CISCaRL (auto),0.24794878728973876,0.31127912955791287,-0.05493835227138977,0.24835061690248886,0.12540922074820657,6.0
ACTG175,Nonlinear XOR,1,CISCaRL (posthoc),0.2544761523933045,0.3064500005291261,-0.022460001661073647,0.24958076002483617,0.10712324351926351,8.0
ACTG175,Nonlinear XOR,2,Cox T-learner,0.2949558817258998,0.30557801921635114,-0.002410243695738945,0.0,0.014984071654305438,
ACTG175,Nonlinear XOR,2,CSF (RF),0.2597917917507705,0.2863110773421446,0.12001032710572812,0.3444505118966437,0.035946309462503025,
ACTG175,Nonlinear XOR,2,Bo & Ding,0.2297845066307041,0.29540028405573826,0.06325131866373457,0.48285827106806517,0.026774165667198042,269.0
ACTG175,Nonlinear XOR,2,Hybrid,0.23763530025449753,0.3156777003870954,-0.06976671659753864,0.4506251406983865,0.05189818302144164,643.0
ACTG175,Nonlinear XOR,2,CRE,0.2756038375486483,0.3565657982856652,-0.364836536645329,0.40641063076579953,0.04719060247668324,1497.0
ACTG175,Nonlinear XOR,2,SCRE,0.2943346442302146,0.29988424640780487,0.03459714903353317,0.07297434242044687,0.011572991555846462,1.0
ACTG175,Nonlinear XOR,2,CISCaRL (direct),0.2485768903361661,0.26703893891636293,0.23449071879475547,0.7667024889617389,0.043047184027862034,10.0
ACTG175,Nonlinear XOR,2,CISCaRL (auto),0.2485768903361661,0.26703893891636293,0.23449071879475547,0.7667024889617389,0.043047184027862034,10.0
ACTG175,Nonlinear XOR,2,CISCaRL (posthoc),0.2570602646307019,0.2746817751258514,0.19004486350132,0.7401230751247305,0.035788556836805346,10.0
