Dataset,DGP,Rep,Method,MAE,RMSE,R2,Spearman,Bias,Acc,Prec,Rec,F1,AUC,Rules
PBC,AFT-Gumbel,0,Cox T-learner,0.1715814571022321,0.22124249786359126,-17.347527462238716,0.00633526137670365,-0.0735664639359425,0.5531914893617021,0.41935483870967744,0.35135135135135137,0.38235294117647056,0.49644381223328593,
PBC,AFT-Gumbel,0,CSF (RF),0.17915112805392627,0.22120172595655002,-17.340765698450134,-0.05195242156135115,-0.010077632977591618,0.44680851063829785,0.36363636363636365,0.5405405405405406,0.43478260869565216,0.46183025130393557,
PBC,AFT-Gumbel,0,Bo & Ding,0.36813371136549033,0.4651947164379017,-80.11664637420532,-0.08257148560192662,0.038510605461327264,0.4574468085106383,0.375,0.5675675675675675,0.45161290322580644,0.42437174016121393,167.0
PBC,AFT-Gumbel,0,Hybrid,0.3369428536106462,0.4332942849196945,-69.37304803926341,-0.0987825425270493,0.03864845478690638,0.44680851063829785,0.3684210526315789,0.5675675675675675,0.44680851063829785,0.4224751066856331,180.0
PBC,AFT-Gumbel,0,CRE,0.32267890301791,0.4155538564224581,-63.7284301508498,-0.11563286256650944,0.030968607297848443,0.4574468085106383,0.375,0.5675675675675675,0.45161290322580644,0.41062114746325273,287.0
PBC,AFT-Gumbel,0,SCRE,0.05052618669902094,0.06761499607568777,-0.7136672405444522,-0.19850758836369867,-0.03956645604383,0.5319148936170213,0.37037037037037035,0.2702702702702703,0.3125,0.3252726410621148,1.0
PBC,AFT-Gumbel,0,CISCaRL (direct),0.2868733796373356,0.32371142523906205,-38.27864487035343,0.10512105322612066,-0.12431036525995312,0.5212765957446809,0.42,0.5675675675675675,0.4827586206896552,0.5635372214319583,2.0
PBC,AFT-Gumbel,0,CISCaRL (auto),0.12481094165470233,0.16792753028032595,-9.57022524435069,0.08560970206059933,0.009416698173650127,0.40425531914893614,0.38271604938271603,0.8378378378378378,0.5254237288135594,0.5564248458985301,4.0
PBC,AFT-Gumbel,0,CISCaRL (posthoc),0.12481094165470233,0.16792753028032595,-9.57022524435069,0.08560970206059933,0.009416698173650127,0.40425531914893614,0.38271604938271603,0.8378378378378378,0.5254237288135594,0.5564248458985301,4.0
PBC,AFT-Gumbel,1,Cox T-learner,0.30484302867515445,0.37865135304374603,-51.77186339750117,0.1872736116555764,0.1054413157067287,0.5319148936170213,0.46153846153846156,0.7692307692307693,0.5769230769230769,0.5953379953379954,
PBC,AFT-Gumbel,1,CSF (RF),0.16684000444523067,0.208394743520876,-14.98442153331785,0.09583826647125245,0.11747000088624075,0.46808510638297873,0.43209876543209874,0.8974358974358975,0.5833333333333334,0.5076923076923077,
PBC,AFT-Gumbel,1,Bo & Ding,0.5063384315340631,0.6144967372821531,-137.98328298229575,-0.09821342033979732,0.12112258346376183,0.44680851063829785,0.39344262295081966,0.6153846153846154,0.48,0.41911421911421914,160.0
PBC,AFT-Gumbel,1,Hybrid,0.340160066933295,0.41730100655935193,-63.09472197411549,0.12106013850389598,0.17487560737139882,0.46808510638297873,0.4126984126984127,0.6666666666666666,0.5098039215686274,0.544055944055944,168.0
PBC,AFT-Gumbel,1,CRE,0.3367177420187565,0.4148995050959911,-62.35913464854418,0.06814429551420503,0.14879478030659654,0.5,0.43548387096774194,0.6923076923076923,0.5346534653465347,0.5128205128205128,248.0
PBC,AFT-Gumbel,1,SCRE,0.05249583110188447,0.072838477239844,-0.9527431329207994,0.2095063444659015,-0.03998000752034916,0.48936170212765956,0.42857142857142855,0.6923076923076923,0.5294117647058824,0.6382284382284382,1.0
PBC,AFT-Gumbel,1,CISCaRL (direct),0.11744424231045368,0.1255761831186302,-4.804141085802087,0.0,0.11424736039517763,0.4148936170212766,0.4148936170212766,1.0,0.5864661654135338,,0.0
PBC,AFT-Gumbel,1,CISCaRL (auto),0.19638609410205463,0.20365280612510217,-14.265259825053503,0.1914688965357532,0.19638609410205463,0.4148936170212766,0.4148936170212766,1.0,0.5864661654135338,0.5673659673659673,3.0
PBC,AFT-Gumbel,1,CISCaRL (posthoc),0.19638609410205463,0.20365280612510217,-14.265259825053503,0.1914688965357532,0.19638609410205463,0.4148936170212766,0.4148936170212766,1.0,0.5864661654135338,0.5673659673659673,3.0
PBC,AFT-Gumbel,2,Cox T-learner,0.1925467258094799,0.24660965357184964,-16.664413957296247,-0.05362555619455655,-0.0915604469214751,0.425531914893617,0.3783783783783784,0.3111111111111111,0.34146341463414637,0.44126984126984137,
PBC,AFT-Gumbel,2,CSF (RF),0.21173579719211244,0.24266300187475962,-16.103548320579723,-0.1516128673972318,-0.05565801496819868,0.3191489361702128,0.30612244897959184,0.3333333333333333,0.3191489361702128,0.33015873015873015,
PBC,AFT-Gumbel,2,Bo & Ding,0.3559531005180739,0.44190620340627196,-55.7203998505269,-0.2045912051587291,-0.004410543797742038,0.3723404255319149,0.37037037037037035,0.4444444444444444,0.40404040404040403,0.3705215419501134,177.0
PBC,AFT-Gumbel,2,Hybrid,0.32759216173867495,0.43155243669732024,-53.09364339767589,-0.09097707781327487,-0.0887908321457986,0.4148936170212766,0.391304347826087,0.4,0.3956043956043956,0.43945578231292515,169.0
PBC,AFT-Gumbel,2,CRE,0.32014359467336456,0.42373437112405865,-51.15146030314983,0.013295270221276563,-0.06711354286352374,0.5,0.4791666666666667,0.5111111111111111,0.4946236559139785,0.5038548752834466,283.0
PBC,AFT-Gumbel,2,SCRE,0.0844983503742832,0.10529748530356157,-2.2204390680697066,-0.11717772763350316,-0.06049395108484397,0.40425531914893614,0.37209302325581395,0.35555555555555557,0.36363636363636365,0.3687074829931972,1.0
PBC,AFT-Gumbel,2,CISCaRL (direct),0.15233042848105371,0.20124356599107793,-10.76313540167855,0.17724673100719643,0.10795932076472284,0.6063829787234043,0.5909090909090909,0.5777777777777777,0.5842696629213483,0.6052154195011338,1.0
PBC,AFT-Gumbel,2,CISCaRL (auto),0.12961614590478082,0.19178108177802652,-9.682935726064652,-0.2015031137708668,0.06128429306167689,0.4787234042553192,0.4787234042553192,1.0,0.6474820143884892,0.4052154195011338,1.0
PBC,AFT-Gumbel,2,CISCaRL (posthoc),0.12961614590478082,0.19178108177802652,-9.682935726064652,-0.2015031137708668,0.06128429306167689,0.4787234042553192,0.4787234042553192,1.0,0.6474820143884892,0.4052154195011338,1.0
PBC,Cox PH,0,Cox T-learner,0.23327882130064453,0.31358073219199095,-23.68969359968008,0.08363781856669111,0.03728522500409163,,,,,,
PBC,Cox PH,0,CSF (RF),0.15488835317276448,0.19847534842457928,-8.890770087511573,-0.12016853373585101,0.05765855993772545,,,,,,
PBC,Cox PH,0,Bo & Ding,0.3990815976848186,0.4941596398563052,-60.31285006382636,-0.07215302889539219,-0.08471768012315822,,,,,,160.0
PBC,Cox PH,0,Hybrid,0.40668873572910913,0.5026800774093793,-62.44542446544255,0.09629055295032554,-0.05948773178475445,,,,,,171.0
PBC,Cox PH,0,CRE,0.37968709525603345,0.4665616822355979,-53.65565421699175,0.02900396035633121,-0.0909794505841572,,,,,,268.0
PBC,Cox PH,0,SCRE,0.051664683981725114,0.08162461662549554,-0.672858739928992,0.2317721395812418,0.04816340269209029,,,,,,1.0
PBC,Cox PH,0,CISCaRL (direct),0.07845124486876452,0.10068439679206045,-1.5453136452147676,0.0,0.07845124486876452,,,,,,0.0
PBC,Cox PH,0,CISCaRL (auto),0.14039894378124496,0.16138829437402621,-5.539748158937887,-0.0651482433224291,0.14039894378124496,,,,,,2.0
PBC,Cox PH,0,CISCaRL (posthoc),0.14039894378124496,0.16138829437402621,-5.539748158937887,-0.0651482433224291,0.14039894378124496,,,,,,2.0
PBC,Cox PH,1,Cox T-learner,0.30751584353756417,0.3839965931071914,-27.003275875713967,-0.2664393116059911,0.24493785274201113,,,,,,
PBC,Cox PH,1,CSF (RF),0.2477722361217247,0.2860829301541018,-14.54311238021831,-0.43397748235842193,0.1867578989792259,,,,,,
PBC,Cox PH,1,Bo & Ding,0.4977124605726129,0.6148766334652337,-70.80093091898,-0.1998747153920615,0.21280643240201486,,,,,,158.0
PBC,Cox PH,1,Hybrid,0.4049871518672204,0.5139732871267463,-49.16897085336193,-0.28074074882072103,0.14560577643317218,,,,,,171.0
PBC,Cox PH,1,CRE,0.3960790852812712,0.49025021299498417,-44.644628683508756,-0.2943349269207489,0.1698482933791832,,,,,,283.0
PBC,Cox PH,1,SCRE,0.09552994200228258,0.1313316977958894,-2.27561773433866,-0.20448834752401288,0.08183918785762906,,,,,,2.0
PBC,Cox PH,1,CISCaRL (direct),0.17458669371431976,0.18906636359106896,-5.788637815077804,0.0,0.17458669371431976,,,,,,0.0
PBC,Cox PH,1,CISCaRL (auto),0.21529829365258168,0.2319516938192096,-9.217606967085848,-0.20409946921072747,0.21529829365258168,,,,,,3.0
PBC,Cox PH,1,CISCaRL (posthoc),0.21529829365258168,0.2319516938192096,-9.217606967085848,-0.20409946921072747,0.21529829365258168,,,,,,3.0
PBC,Cox PH,2,Cox T-learner,0.198761503641491,0.24930383461335381,-9.710898080158088,0.4068072015560971,0.15165942703829413,,,,,,
PBC,Cox PH,2,CSF (RF),0.16155671863931703,0.20354811233114306,-6.140064384699849,0.2971432363784953,0.12608655108366507,,,,,,
PBC,Cox PH,2,Bo & Ding,0.38920576300068477,0.4943639566995946,-41.11740148294425,0.1562881838649437,0.12219657359475493,,,,,,167.0
PBC,Cox PH,2,Hybrid,0.34959906221929204,0.4568972665109427,-34.975355089132904,0.1400311071025944,0.026307838729939137,,,,,,160.0
PBC,Cox PH,2,CRE,0.32421113046426586,0.421775420198634,-29.657059954260525,0.10511642031327992,0.029972721843953828,,,,,,274.0
PBC,Cox PH,2,SCRE,0.07169573854273517,0.10453070753955644,-0.8830235420604085,-0.2301501364260462,0.07128787775456276,,,,,,1.0
PBC,Cox PH,2,CISCaRL (direct),0.05101009718828334,0.07669455192299705,-0.013670945491053965,0.0,0.008906668551892361,,,,,,0.0
PBC,Cox PH,2,CISCaRL (auto),0.2006226265457421,0.2149849612381945,-6.964969764730468,-0.5104172070665911,0.2006226265457421,,,,,,1.0
PBC,Cox PH,2,CISCaRL (posthoc),0.2006226265457421,0.2149849612381945,-6.964969764730468,-0.5104172070665911,0.2006226265457421,,,,,,1.0
PBC,Non-PH (Crossing),0,Cox T-learner,0.2596318602945062,0.351621977382733,-6.504068543051209,0.4514179255877427,0.19312379960448,0.40425531914893614,0.16923076923076924,0.8461538461538461,0.28205128205128205,0.7283950617283951,
PBC,Non-PH (Crossing),0,CSF (RF),0.1590643371242857,0.20775763007751763,-1.6197432718651532,0.4239372657301659,0.12872039199359409,0.5212765957446809,0.21428571428571427,0.9230769230769231,0.34782608695652173,0.7891737891737892,
PBC,Non-PH (Crossing),0,Bo & Ding,0.36985776282329125,0.47028605688961517,-12.423599129859166,0.3434038724090739,0.2205147017783632,0.5106382978723404,0.22033898305084745,1.0,0.3611111111111111,0.7283950617283951,173.0
PBC,Non-PH (Crossing),0,Hybrid,0.34981053715911886,0.44881947096975106,-11.226105737642364,0.2328698889450386,0.10181776859355463,0.5,0.17307692307692307,0.6923076923076923,0.27692307692307694,0.5688509021842355,172.0
PBC,Non-PH (Crossing),0,CRE,0.35481116336448437,0.43798345154987417,-10.642873315146694,0.20653736300446313,0.12896239902601078,0.46808510638297873,0.17543859649122806,0.7692307692307693,0.2857142857142857,0.5916429249762584,285.0
PBC,Non-PH (Crossing),0,SCRE,0.09019517178575431,0.10751480280321972,0.29841338662100736,0.7842872965375773,0.06580835478163112,0.574468085106383,0.2127659574468085,0.7692307692307693,0.3333333333333333,0.7217473884140552,1.0
PBC,Non-PH (Crossing),0,CISCaRL (direct),0.2544634262486199,0.2834832149497043,-3.8775245868422834,0.0,0.2527579916456733,0.13829787234042554,0.13829787234042554,1.0,0.24299065420560748,,0.0
PBC,Non-PH (Crossing),0,CISCaRL (auto),0.1932842359368357,0.22297666952110304,-2.017613522345766,0.24316270701446632,0.18383795825885907,0.13829787234042554,0.13829787234042554,1.0,0.24299065420560748,0.6282051282051282,2.0
PBC,Non-PH (Crossing),0,CISCaRL (posthoc),0.1932842359368357,0.22297666952110304,-2.017613522345766,0.24316270701446632,0.18383795825885907,0.13829787234042554,0.13829787234042554,1.0,0.24299065420560748,0.6282051282051282,2.0
PBC,Non-PH (Crossing),1,Cox T-learner,0.291378486995937,0.35884740832945644,-7.516285321074099,0.33335838858416766,-0.09235453656290388,0.6914893617021277,0.20689655172413793,0.5,0.2926829268292683,0.5630081300813008,
PBC,Non-PH (Crossing),1,CSF (RF),0.17121318767509539,0.21913548675999228,-2.175820887776512,0.1496275572566708,-0.03649672998953988,0.6595744680851063,0.16666666666666666,0.4166666666666667,0.23809523809523808,0.5721544715447154,
PBC,Non-PH (Crossing),1,Bo & Ding,0.3949290389530813,0.48689123967498904,-14.67813849071758,-0.00851466393613081,6.33984033226855e-05,0.574468085106383,0.16666666666666666,0.5833333333333334,0.25925925925925924,0.5691056910569106,164.0
PBC,Non-PH (Crossing),1,Hybrid,0.32746615281505037,0.40030664235098695,-9.597810951549794,0.01931229890142508,0.03397233017878376,0.5425531914893617,0.15555555555555556,0.5833333333333334,0.24561403508771928,0.6107723577235772,179.0
PBC,Non-PH (Crossing),1,CRE,0.31595425983210373,0.3910505886095243,-9.113383196699841,0.004625433160064073,0.032362361144191755,0.574468085106383,0.15,0.5,0.23076923076923078,0.592479674796748,275.0
PBC,Non-PH (Crossing),1,SCRE,0.10787581708919629,0.13259504547527104,-0.16274684116761473,0.4914485550629492,0.07186751846704423,0.6276595744680851,0.15151515151515152,0.4166666666666667,0.2222222222222222,0.5934959349593496,1.0
PBC,Non-PH (Crossing),1,CISCaRL (direct),0.14881956381787387,0.19550407893275057,-1.5277971552072858,0.20181013414993892,0.0004490701816082633,0.776595744680851,0.2631578947368421,0.4166666666666667,0.3225806451612903,0.641260162601626,3.0
PBC,Non-PH (Crossing),1,CISCaRL (auto),0.1119759970716109,0.13953770398631365,-0.2876971082550188,0.22762492781154975,-0.03483096042666139,0.8297872340425532,0.3333333333333333,0.3333333333333333,0.3333333333333333,0.6971544715447153,6.0
PBC,Non-PH (Crossing),1,CISCaRL (posthoc),0.1119759970716109,0.13953770398631365,-0.2876971082550188,0.22762492781154975,-0.03483096042666139,0.8297872340425532,0.3333333333333333,0.3333333333333333,0.3333333333333333,0.6971544715447153,6.0
PBC,Non-PH (Crossing),2,Cox T-learner,0.20934962756008615,0.24541097470464773,-2.741255157719797,0.346407012700984,-0.04483924240177222,0.7553191489361702,0.34782608695652173,0.5,0.41025641025641024,0.7884615384615384,
PBC,Non-PH (Crossing),2,CSF (RF),0.15523730874598743,0.19209366638909056,-1.2922155765953525,0.044006294321798284,-0.06408415056126425,0.7872340425531915,0.3,0.1875,0.23076923076923078,0.6001602564102564,
PBC,Non-PH (Crossing),2,Bo & Ding,0.3945794378159698,0.48800694509297116,-13.793855532517934,0.022080402818879227,-0.07758325024981907,0.5851063829787234,0.15151515151515152,0.3125,0.20408163265306123,0.45352564102564097,150.0
PBC,Non-PH (Crossing),2,Hybrid,0.36156437828110555,0.44805064929323474,-11.470492052422413,-0.0008755641237742847,-0.021586659837958846,0.574468085106383,0.2,0.5,0.2857142857142857,0.5296474358974359,176.0
PBC,Non-PH (Crossing),2,CRE,0.36380464441376714,0.44530051517211794,-11.317874160604646,-0.000816702670075173,-0.022313446009980885,0.5638297872340425,0.1951219512195122,0.5,0.2807017543859649,0.5216346153846154,284.0
PBC,Non-PH (Crossing),2,SCRE,0.11927748289656472,0.14821346769662444,-0.36459791926227636,0.4780800846258965,0.08282610129680663,0.8297872340425532,0.5,0.4375,0.4666666666666667,0.8958333333333334,2.0
PBC,Non-PH (Crossing),2,CISCaRL (direct),0.15232277086049922,0.18318678116001771,-1.0845755088317768,-0.05219533804197349,0.08714109862278221,0.6595744680851063,0.16666666666666666,0.25,0.2,0.4967948717948718,1.0
PBC,Non-PH (Crossing),2,CISCaRL (auto),0.12858987344648248,0.14822193150418758,-0.3647537758675481,-0.18705251703406764,-0.01203924934583992,0.7340425531914894,0.15384615384615385,0.125,0.13793103448275862,0.4887820512820513,2.0
PBC,Non-PH (Crossing),2,CISCaRL (posthoc),0.12858987344648248,0.14822193150418758,-0.3647537758675481,-0.18705251703406764,-0.01203924934583992,0.7340425531914894,0.15384615384615385,0.125,0.13793103448275862,0.4887820512820513,2.0
PBC,Nonlinear XOR,0,Cox T-learner,0.2627773706079555,0.3419592399114077,-8.853070001708883,0.17120254307697866,0.1402077579081702,0.4787234042553192,0.45588235294117646,0.7209302325581395,0.5585585585585585,0.5640674874601004,
PBC,Nonlinear XOR,0,CSF (RF),0.207080153658004,0.2600294417352395,-4.697284792699785,-0.028457898349167357,0.13343735385883307,0.5531914893617021,0.5076923076923077,0.7674418604651163,0.6111111111111112,0.5180118559051528,
PBC,Nonlinear XOR,0,Bo & Ding,0.44362731567648905,0.556318297347121,-25.077717145876942,-0.026940721742585706,0.12422494814997474,0.5425531914893617,0.5,0.6744186046511628,0.5742574257425742,0.5289557683538533,141.0
PBC,Nonlinear XOR,0,Hybrid,0.39813296673231047,0.5143695328539654,-21.29324840266109,0.028515695553227614,0.09209395731711978,0.4787234042553192,0.4444444444444444,0.5581395348837209,0.4948453608247423,0.4824441404468764,177.0
PBC,Nonlinear XOR,0,CRE,0.38036572066025465,0.49136081393426706,-19.34341783105982,0.03114546833796915,0.0787103861929657,0.46808510638297873,0.43859649122807015,0.5813953488372093,0.5,0.49156406748746007,275.0
PBC,Nonlinear XOR,0,SCRE,0.10597908494366003,0.11457477562558605,-0.10611660746103202,0.144615829209262,0.008890594593251233,0.46808510638297873,0.4578313253012048,0.8837209302325582,0.6031746031746031,0.607843137254902,1.0
PBC,Nonlinear XOR,0,CISCaRL (direct),0.2799933354186666,0.30044010452731634,-6.605691241098194,0.0,0.2799933354186666,0.4574468085106383,0.4574468085106383,1.0,0.6277372262773723,,0.0
PBC,Nonlinear XOR,0,CISCaRL (auto),0.12278221280457517,0.15270865725910743,-0.9649440967931975,0.037757971862522006,0.10452478165058958,0.4574468085106383,0.4574468085106383,1.0,0.6277372262773723,0.5378476972184222,3.0
PBC,Nonlinear XOR,0,CISCaRL (posthoc),0.12278221280457517,0.15270865725910743,-0.9649440967931975,0.037757971862522006,0.10452478165058958,0.4574468085106383,0.4574468085106383,1.0,0.6277372262773723,0.5378476972184222,3.0
PBC,Nonlinear XOR,1,Cox T-learner,0.32207718347378056,0.3940751558079258,-11.007368116304908,-0.003633999205288444,-0.07105261884829679,0.43617021276595747,0.4186046511627907,0.391304347826087,0.4044943820224719,0.4501811594202898,
PBC,Nonlinear XOR,1,CSF (RF),0.2707677530555341,0.3243723352197017,-7.135370347249694,0.20547628508470905,-0.007243334546739719,0.5851063829787234,0.5777777777777777,0.5652173913043478,0.5714285714285714,0.6005434782608695,
PBC,Nonlinear XOR,1,Bo & Ding,0.48288310819028024,0.5918154496062491,-26.08085115773825,-0.039237076906404655,-0.039395701747272666,0.5212765957446809,0.5116279069767442,0.4782608695652174,0.4943820224719101,0.4941123188405797,158.0
PBC,Nonlinear XOR,1,Hybrid,0.41998460951436684,0.5273750620444042,-20.504477375153616,0.2257775530108731,-0.052761485673238226,0.6063829787234043,0.6046511627906976,0.5652173913043478,0.5842696629213483,0.6304347826086957,166.0
PBC,Nonlinear XOR,1,CRE,0.42866816996438944,0.5141706955347952,-19.441104352947473,0.23151392551385327,-0.04138077304098851,0.574468085106383,0.5681818181818182,0.5434782608695652,0.5555555555555556,0.636322463768116,243.0
PBC,Nonlinear XOR,1,SCRE,0.11058213131546668,0.12346848764450377,-0.1786964362019594,0.09392768124841962,-0.013224346255210333,0.5319148936170213,0.5192307692307693,0.5869565217391305,0.5510204081632653,0.5321557971014493,2.0
PBC,Nonlinear XOR,1,CISCaRL (direct),0.21751119500334087,0.2819485781672871,-5.146523282513066,0.11112492545705376,-0.14238219313868924,0.48936170212765956,0.4666666666666667,0.30434782608695654,0.3684210526315789,0.5289855072463768,2.0
PBC,Nonlinear XOR,1,CISCaRL (auto),0.1186152099443188,0.1458892517105383,-0.645645576824528,0.2672265769884364,0.0865296277149505,0.48936170212765956,0.48936170212765956,1.0,0.6571428571428571,0.5991847826086957,4.0
PBC,Nonlinear XOR,1,CISCaRL (posthoc),0.1186152099443188,0.1458892517105383,-0.645645576824528,0.2672265769884364,0.0865296277149505,0.48936170212765956,0.48936170212765956,1.0,0.6571428571428571,0.5991847826086957,4.0
PBC,Nonlinear XOR,2,Cox T-learner,0.20848149250028208,0.26788270524471924,-5.077195730698025,0.19075244735035946,0.06234893646963275,0.6276595744680851,0.6333333333333333,0.7450980392156863,0.6846846846846847,0.6634746922024625,
PBC,Nonlinear XOR,2,CSF (RF),0.18979039295803626,0.2280798803515091,-3.4054251307540087,0.1528663800888632,0.08399236888830576,0.574468085106383,0.582089552238806,0.7647058823529411,0.6610169491525424,0.6292749658002736,
PBC,Nonlinear XOR,2,Bo & Ding,0.45922259065334026,0.5688536497750329,-26.4040637846459,0.010627460896579127,0.08487446991246071,0.5106382978723404,0.5490196078431373,0.5490196078431373,0.5490196078431373,0.5503875968992248,169.0
PBC,Nonlinear XOR,2,Hybrid,0.383401908965789,0.4658470489969817,-17.378098267502928,0.022533684932991366,0.13088420667444225,0.5212765957446809,0.55,0.6470588235294118,0.5945945945945946,0.5535795713634291,181.0
PBC,Nonlinear XOR,2,CRE,0.37690128678922147,0.4585766672750543,-16.808928053545117,0.033298414189213595,0.12735742563227542,0.5425531914893617,0.5645161290322581,0.6862745098039216,0.6194690265486725,0.5426356589147286,268.0
PBC,Nonlinear XOR,2,SCRE,0.1004702051976567,0.10552978371472234,0.05688648582531952,0.5122204963334899,-0.010678755036983227,0.7021276595744681,0.7555555555555555,0.6666666666666666,0.7083333333333334,0.7204742362061104,3.0
PBC,Nonlinear XOR,2,CISCaRL (direct),0.1862710695728986,0.2215619576054752,-3.1572319784939333,0.16889464008366117,0.17600825933311667,0.5425531914893617,0.5425531914893617,1.0,0.7034482758620689,0.5777473780209758,4.0
PBC,Nonlinear XOR,2,CISCaRL (auto),0.14069570223534208,0.17206406989985193,-1.5072304545880497,0.2614071752710016,0.13256021890586883,0.5425531914893617,0.5425531914893617,1.0,0.7034482758620689,0.6399908800729593,3.0
PBC,Nonlinear XOR,2,CISCaRL (posthoc),0.14069570223534208,0.17206406989985193,-1.5072304545880497,0.2614071752710016,0.13256021890586883,0.5425531914893617,0.5425531914893617,1.0,0.7034482758620689,0.6399908800729593,3.0
SUPPORT,AFT-Gumbel,0,Cox T-learner,0.021448417215330765,0.050867498177211215,-0.21623575575650844,0.0,-0.021448417215330765,0.7557251908396947,0.0,0.0,0.0,,
SUPPORT,AFT-Gumbel,0,CSF (RF),0.135653264974507,0.16419904629276105,-11.672966042828325,0.03903465135020852,-0.1146106369927058,0.6870229007633588,0.32,0.25,0.2807017543859649,0.5246212121212122,
SUPPORT,AFT-Gumbel,0,Bo & Ding,0.3212432533462792,0.4166171415972465,-80.58518081417347,0.04872073933262922,-0.09654556572923774,0.549618320610687,0.2631578947368421,0.46875,0.33707865168539325,0.5217803030303031,200.0
SUPPORT,AFT-Gumbel,0,Hybrid,0.30121566311859915,0.3664743069487772,-62.12829720018658,0.0780268198583889,-0.09494929274552391,0.5801526717557252,0.2553191489361702,0.375,0.3037974683544304,0.5527146464646464,241.0
SUPPORT,AFT-Gumbel,0,CRE,0.2976752126365106,0.3538269850105593,-57.8462664867778,0.0487773831220001,-0.11584632294806495,0.5725190839694656,0.21428571428571427,0.28125,0.24324324324324326,0.5280934343434344,368.0
SUPPORT,AFT-Gumbel,0,SCRE,0.055059752141529125,0.07487745015351854,-1.6353548670258564,-0.23220413405225623,-0.024174161883134294,0.5114503816793893,0.15217391304347827,0.21875,0.1794871794871795,0.33712121212121215,1.0
SUPPORT,AFT-Gumbel,0,CISCaRL (direct),0.08830957347964039,0.10244558289263771,-3.9331405172677156,0.006597151501237719,-0.06818375363649325,0.5877862595419847,0.225,0.28125,0.25,0.5053661616161617,3.0
SUPPORT,AFT-Gumbel,0,CISCaRL (auto),0.08830957347964039,0.10244558289263771,-3.9331405172677156,0.006597151501237719,-0.06818375363649325,0.5877862595419847,0.225,0.28125,0.25,0.5053661616161617,3.0
SUPPORT,AFT-Gumbel,0,CISCaRL (posthoc),0.08924379780060283,0.10217712103170627,-3.9073194953631614,0.004075317168769752,-0.08924379780060283,0.7557251908396947,0.0,0.0,0.0,0.4984217171717171,3.0
SUPPORT,AFT-Gumbel,1,Cox T-learner,0.03186006910466486,0.06449327299034774,-0.3228248288427169,0.0,-0.03186006910466486,0.6717557251908397,0.0,0.0,0.0,,
SUPPORT,AFT-Gumbel,1,CSF (RF),0.1637059190754717,0.20235640238520078,-12.022890887908893,-0.09558600510779146,-0.005643191604361786,0.4122137404580153,0.2638888888888889,0.4418604651162791,0.33043478260869563,0.4260042283298097,
SUPPORT,AFT-Gumbel,1,Bo & Ding,0.4692987699065709,0.5706818096358223,-102.57657882006504,-0.02049778829094364,0.013467727852538611,0.45038167938931295,0.2835820895522388,0.4418604651162791,0.34545454545454546,0.4574524312896406,200.0
SUPPORT,AFT-Gumbel,1,Hybrid,0.39738867632242303,0.4823527770344568,-72.99511832065059,-0.07535678868027619,-0.08945204668341333,0.4732824427480916,0.2833333333333333,0.3953488372093023,0.3300970873786408,0.43631078224101477,225.0
SUPPORT,AFT-Gumbel,1,CRE,0.3689182247121107,0.4505349833534296,-63.555097350976766,-0.08948878435114983,-0.07079660975227746,0.48091603053435117,0.2807017543859649,0.37209302325581395,0.32,0.431553911205074,351.0
SUPPORT,AFT-Gumbel,1,SCRE,0.054365284573276496,0.07337772092791439,-0.712387070064914,-0.01626778144194685,-0.03178306606011996,0.46564885496183206,0.30985915492957744,0.5116279069767442,0.38596491228070173,0.4640591966173362,1.0
SUPPORT,AFT-Gumbel,1,CISCaRL (direct),0.22507894558736755,0.2856676820121903,-24.95348748415747,0.016101847696179793,0.20278101885315136,0.3893129770992366,0.3333333333333333,0.8604651162790697,0.4805194805194805,0.49022198731501054,3.0
SUPPORT,AFT-Gumbel,1,CISCaRL (auto),0.22507894558736755,0.2856676820121903,-24.95348748415747,0.016101847696179793,0.20278101885315136,0.3893129770992366,0.3333333333333333,0.8604651162790697,0.4805194805194805,0.49022198731501054,3.0
SUPPORT,AFT-Gumbel,1,CISCaRL (posthoc),0.10116478324301284,0.1303393268671907,-4.402869155131337,-0.14973941817381792,-0.008665485809168618,0.3282442748091603,0.2857142857142857,0.6976744186046512,0.40540540540540543,0.3931025369978858,5.0
SUPPORT,AFT-Gumbel,2,Cox T-learner,0.22443635833396205,0.2834487681719181,-25.981352649254752,0.17364069074617194,0.036281599197359106,0.46564885496183206,0.3372093023255814,0.6904761904761905,0.453125,0.6126270733012307,
SUPPORT,AFT-Gumbel,2,CSF (RF),0.12849456032435677,0.15361878007901278,-6.925071594233366,0.14719833843365657,0.010883185680502143,0.5190839694656488,0.3670886075949367,0.6904761904761905,0.4793388429752066,0.6005885500267523,
SUPPORT,AFT-Gumbel,2,Bo & Ding,0.4039368061327681,0.5091057234779531,-86.0423342883027,0.10657479278784529,-0.0152302726903366,0.549618320610687,0.36507936507936506,0.5476190476190477,0.4380952380952381,0.5711610486891386,225.0
SUPPORT,AFT-Gumbel,2,Hybrid,0.3395772855671195,0.41656831631637986,-57.2756384566041,0.041138991109992876,0.006703646246546331,0.5267175572519084,0.35714285714285715,0.5952380952380952,0.44642857142857145,0.5296950240770466,241.0
SUPPORT,AFT-Gumbel,2,CRE,0.3311975106936493,0.4050891107986772,-54.108134347402114,0.03599097953647928,0.001232925829256918,0.5267175572519084,0.35714285714285715,0.5952380952380952,0.44642857142857145,0.5299625468164794,383.0
SUPPORT,AFT-Gumbel,2,SCRE,0.04511934384163826,0.07329653139122891,-0.8041864483486547,0.16390521454144225,-0.03405385803077016,0.6259541984732825,0.4444444444444444,0.6666666666666666,0.5333333333333333,0.6650615302300695,1.0
SUPPORT,AFT-Gumbel,2,CISCaRL (direct),0.14107135788027478,0.15836318333679517,-7.422150865209572,0.03403675576748784,-0.13955125184039638,0.6183206106870229,0.3181818181818182,0.16666666666666666,0.21875,0.4947833065810594,4.0
SUPPORT,AFT-Gumbel,2,CISCaRL (auto),0.14107135788027478,0.15836318333679517,-7.422150865209572,0.03403675576748784,-0.13955125184039638,0.6183206106870229,0.3181818181818182,0.16666666666666666,0.21875,0.4947833065810594,4.0
SUPPORT,AFT-Gumbel,2,CISCaRL (posthoc),0.06998981511996359,0.08909415882000446,-1.665710815162556,0.10815067955471692,-0.0653213886572861,0.6717557251908397,0.4444444444444444,0.09523809523809523,0.1568627450980392,0.5456126270733013,7.0
SUPPORT,Cox PH,0,Cox T-learner,0.05305947969728028,0.08807738560346678,-0.5696332547245682,0.0,0.05305947969728028,,,,,,
SUPPORT,Cox PH,0,CSF (RF),0.2222621393305501,0.2623404405531516,-12.925148916750379,0.032393027109441246,0.19939334340526477,,,,,,
SUPPORT,Cox PH,0,Bo & Ding,0.5301411757606266,0.6392534497993455,-81.68286601253168,-0.05473509478466809,0.14733469492652215,,,,,,207.0
SUPPORT,Cox PH,0,Hybrid,0.38179217067537025,0.4763586217971817,-44.9131850562044,0.03517390149029395,0.1399445976042702,,,,,,240.0
SUPPORT,Cox PH,0,CRE,0.37059245153961723,0.451213394094819,-40.193939541066825,0.07451020149295397,0.14452513970023453,,,,,,386.0
SUPPORT,Cox PH,0,SCRE,0.05741647526799542,0.08812776403730208,-0.5714293634384058,0.002008409275060285,0.051650455138312436,,,,,,1.0
SUPPORT,Cox PH,0,CISCaRL (direct),0.19869564628639327,0.28613064209121236,-15.565254024478179,-0.1427700914582525,0.15894092595689574,,,,,,3.0
SUPPORT,Cox PH,0,CISCaRL (auto),0.19869564628639327,0.28613064209121236,-15.565254024478179,-0.1427700914582525,0.15894092595689574,,,,,,3.0
SUPPORT,Cox PH,0,CISCaRL (posthoc),0.14251607383691597,0.16924454543151904,-4.795604256102584,-0.09189878207406726,0.14251607383691597,,,,,,6.0
SUPPORT,Cox PH,1,Cox T-learner,0.05711927070797221,0.09034732059802097,-0.6658352939144327,0.0,0.05711927070797221,,,,,,
SUPPORT,Cox PH,1,CSF (RF),0.16840772957946312,0.22100599756611586,-8.96803659203755,-0.36214872068642373,0.09818433881298938,,,,,,
SUPPORT,Cox PH,1,Bo & Ding,0.39863894593793897,0.5313617250068138,-56.621165806285745,-0.10263442799458926,0.08090723700078038,,,,,,208.0
SUPPORT,Cox PH,1,Hybrid,0.3941211720228471,0.5011582642269918,-50.256777326626754,-0.2533112594646959,0.08513081823600817,,,,,,221.0
SUPPORT,Cox PH,1,CRE,0.3752043258946867,0.4750066837403844,-45.04695809772698,-0.22135112312868918,0.09954168934327823,,,,,,366.0
SUPPORT,Cox PH,1,SCRE,0.08545011419730497,0.12687226015930747,-2.2849960962919655,-0.31326206483758523,0.04280029081548733,,,,,,1.0
SUPPORT,Cox PH,1,CISCaRL (direct),0.15688286227552425,0.17715485264045283,-5.404830053679327,-0.09401079671709275,0.13993964583395313,,,,,,2.0
SUPPORT,Cox PH,1,CISCaRL (auto),0.15688286227552425,0.17715485264045283,-5.404830053679327,-0.09401079671709275,0.13993964583395313,,,,,,2.0
SUPPORT,Cox PH,1,CISCaRL (posthoc),0.08841879874994489,0.11371782779991127,-1.6391168235913733,0.13008138909376105,0.08498844755089081,,,,,,7.0
SUPPORT,Cox PH,2,Cox T-learner,0.05149466011823719,0.08687873867430959,-0.5415815901395307,0.0,0.05149466011823719,,,,,,
SUPPORT,Cox PH,2,CSF (RF),0.20702150774472458,0.25018362709608505,-11.783720597381471,-0.152562381129315,0.18768855980074226,,,,,,
SUPPORT,Cox PH,2,Bo & Ding,0.43656729781381953,0.5504389094761658,-60.88106116417954,-0.3527052109294716,0.15951312822586752,,,,,,201.0
SUPPORT,Cox PH,2,Hybrid,0.39378260027372264,0.4821151817847692,-46.47239212295521,-0.18551442041615235,0.20471298133521304,,,,,,237.0
SUPPORT,Cox PH,2,CRE,0.3945549256438574,0.47503904617345055,-45.08908832126144,-0.2054165911231453,0.2088698881828118,,,,,,348.0
SUPPORT,Cox PH,2,SCRE,0.06427932295826794,0.09304021111502082,-0.7679943605090767,-0.13240010994890936,0.04722456482264447,,,,,,1.0
SUPPORT,Cox PH,2,CISCaRL (direct),0.4533129046906019,0.5222547178548642,-54.70629117782213,-0.1281572339571043,0.4533129046906019,,,,,,4.0
SUPPORT,Cox PH,2,CISCaRL (auto),0.4533129046906019,0.5222547178548642,-54.70629117782213,-0.1281572339571043,0.4533129046906019,,,,,,4.0
SUPPORT,Cox PH,2,CISCaRL (posthoc),0.27157241217633077,0.31755092560828624,-19.59521200948223,-0.19501424229511743,0.27157241217633077,,,,,,3.0
SUPPORT,Non-PH (Crossing),0,Cox T-learner,0.20494176922901203,0.2745192755307627,-5.625289675833657,0.2197614705925238,-0.05312818511672873,0.6564885496183206,0.10526315789473684,0.26666666666666666,0.1509433962264151,0.47643678160919534,
SUPPORT,Non-PH (Crossing),0,CSF (RF),0.14111141648553405,0.17329580295404098,-1.640190552854254,0.211625533124772,-0.02975390935979491,0.6870229007633588,0.11764705882352941,0.26666666666666666,0.16326530612244897,0.5597701149425287,
SUPPORT,Non-PH (Crossing),0,Bo & Ding,0.3504025424000979,0.44145776517108615,-16.133161323520355,0.24782703639514678,-0.06099109435201993,0.5877862595419847,0.1320754716981132,0.4666666666666667,0.20588235294117646,0.6454022988505747,166.0
SUPPORT,Non-PH (Crossing),0,Hybrid,0.3504486279092056,0.4370939069132674,-15.796109152486714,0.03587105202868739,-0.004018562762196023,0.5267175572519084,0.11475409836065574,0.4666666666666667,0.18421052631578946,0.5580459770114943,255.0
SUPPORT,Non-PH (Crossing),0,CRE,0.33630622909404245,0.4024028073226281,-13.235777355636113,0.07130340154685876,-0.008401094019574193,0.5419847328244275,0.14285714285714285,0.6,0.23076923076923078,0.5712643678160919,376.0
SUPPORT,Non-PH (Crossing),0,SCRE,0.07599338729703305,0.09158736421948135,0.26255386335895614,0.7857332886398154,0.06575014452234194,0.5038167938931297,0.1794871794871795,0.9333333333333333,0.3010752688172043,0.7339080459770115,2.0
SUPPORT,Non-PH (Crossing),0,CISCaRL (direct),0.10525722654517404,0.12403475811956141,-0.3525271494406228,-0.04624654763172015,-0.0037768012704522784,0.6870229007633588,0.09375,0.2,0.1276595744680851,0.5379310344827586,3.0
SUPPORT,Non-PH (Crossing),0,CISCaRL (auto),0.10525722654517404,0.12403475811956141,-0.3525271494406228,-0.04624654763172015,-0.0037768012704522784,0.6870229007633588,0.09375,0.2,0.1276595744680851,0.5379310344827586,3.0
SUPPORT,Non-PH (Crossing),0,CISCaRL (posthoc),0.10779013808575652,0.11989553604817937,-0.2637617626058222,-0.05225409293810396,-0.03230830841080711,0.8854961832061069,0.0,0.0,0.0,0.4666666666666667,5.0
SUPPORT,Non-PH (Crossing),1,Cox T-learner,0.08442857766103302,0.12861654089999613,-0.3900662261019281,0.0,0.06813154754877723,0.8931297709923665,0.0,0.0,0.0,,
SUPPORT,Non-PH (Crossing),1,CSF (RF),0.11828172341512275,0.14458926319091087,-0.7567660517784165,0.23005894262114168,-0.0243234157870573,0.7786259541984732,0.2222222222222222,0.42857142857142855,0.2926829268292683,0.7094017094017094,
SUPPORT,Non-PH (Crossing),1,Bo & Ding,0.41796561301339896,0.5530344412474248,-24.700773752188056,-0.04232490069291865,0.02732178277478419,0.5877862595419847,0.15517241379310345,0.6428571428571429,0.25,0.6147741147741148,218.0
SUPPORT,Non-PH (Crossing),1,Hybrid,0.3087371298840885,0.38827588041902544,-11.668426249347014,-0.056735201813432924,-0.03801122826064754,0.6412213740458015,0.16326530612244897,0.5714285714285714,0.25396825396825395,0.6227106227106227,247.0
SUPPORT,Non-PH (Crossing),1,CRE,0.29295533505057164,0.3674675234713733,-10.346966328639436,-0.03292476574937017,-0.03471490558437139,0.6412213740458015,0.17647058823529413,0.6428571428571429,0.27692307692307694,0.6398046398046398,367.0
SUPPORT,Non-PH (Crossing),1,SCRE,0.07279192753908345,0.08750308850889663,0.3565888162949886,0.8234592519915612,0.05490783757119504,0.48091603053435117,0.17073170731707318,1.0,0.2916666666666667,0.7716727716727716,1.0
SUPPORT,Non-PH (Crossing),1,CISCaRL (direct),0.09989865085940614,0.12231516972382916,-0.25719453865691366,-0.11103774235189662,-0.029200641584233696,0.6793893129770993,0.15,0.42857142857142855,0.2222222222222222,0.43956043956043955,2.0
SUPPORT,Non-PH (Crossing),1,CISCaRL (auto),0.09989865085940614,0.12231516972382916,-0.25719453865691366,-0.11103774235189662,-0.029200641584233696,0.6793893129770993,0.15,0.42857142857142855,0.2222222222222222,0.43956043956043955,2.0
SUPPORT,Non-PH (Crossing),1,CISCaRL (posthoc),0.10141059157330759,0.11032407895389224,-0.02278055342585561,0.40726254831949654,-0.023663559149249162,0.8931297709923665,0.0,0.0,0.0,0.7072649572649572,4.0
SUPPORT,Non-PH (Crossing),2,Cox T-learner,0.21375553514525455,0.2694013398382182,-4.141917716417705,0.3156965904469246,-0.061654405964184436,0.7251908396946565,0.21052631578947367,0.5714285714285714,0.3076923076923077,0.7246642246642246,
SUPPORT,Non-PH (Crossing),2,CSF (RF),0.11874974061538265,0.14924389733894894,-0.5780428187446658,0.42227092990829723,-0.05454786814295414,0.8702290076335878,0.42105263157894735,0.5714285714285714,0.48484848484848486,0.8724053724053724,
SUPPORT,Non-PH (Crossing),2,Bo & Ding,0.45630685726592024,0.5662365067294964,-21.71545037859699,0.03645065291125399,-0.11660746397300613,0.6030534351145038,0.08695652173913043,0.2857142857142857,0.13333333333333333,0.5152625152625152,211.0
SUPPORT,Non-PH (Crossing),2,Hybrid,0.3512909264760285,0.4163714147222657,-11.282518647410642,0.02859379839681408,-0.10247405985899868,0.6641221374045801,0.14285714285714285,0.42857142857142855,0.21428571428571427,0.5421245421245422,231.0
SUPPORT,Non-PH (Crossing),2,CRE,0.3301475473403647,0.39902274765096457,-10.28030726547957,-0.007296850628877545,-0.07777507450653513,0.6564885496183206,0.13953488372093023,0.42857142857142855,0.21052631578947367,0.5164835164835164,355.0
SUPPORT,Non-PH (Crossing),2,SCRE,0.09664894599498021,0.12507413574782061,-0.10830844180037524,0.5591918799282941,0.07079040772658533,0.5954198473282443,0.15789473684210525,0.6428571428571429,0.2535211267605634,0.6526251526251526,1.0
SUPPORT,Non-PH (Crossing),2,CISCaRL (direct),0.14974300119916667,0.18035245412745726,-1.3044629628431834,-0.1208686017782197,0.08501692147704897,0.2748091603053435,0.11428571428571428,0.8571428571428571,0.20168067226890757,0.4548229548229548,3.0
SUPPORT,Non-PH (Crossing),2,CISCaRL (auto),0.14974300119916667,0.18035245412745726,-1.3044629628431834,-0.1208686017782197,0.08501692147704897,0.2748091603053435,0.11428571428571428,0.8571428571428571,0.20168067226890757,0.4548229548229548,3.0
SUPPORT,Non-PH (Crossing),2,CISCaRL (posthoc),0.11598698653971698,0.12960308873844262,-0.19002565377932856,-0.025826734259249567,0.0032020894474458846,0.8931297709923665,0.0,0.0,0.0,0.5702075702075702,7.0
SUPPORT,Nonlinear XOR,0,Cox T-learner,0.19092705276191946,0.2503057739340219,-4.065695691292097,0.2944322852719799,0.03781477945881674,0.6259541984732825,0.5172413793103449,0.5882352941176471,0.5504587155963303,0.6686274509803922,
SUPPORT,Nonlinear XOR,0,CSF (RF),0.18239584972608106,0.23482980991822416,-3.458654441636164,0.32935461485079803,0.003799561258948233,0.7786259541984732,0.6527777777777778,0.9215686274509803,0.7642276422764228,0.7928921568627451,
SUPPORT,Nonlinear XOR,0,Bo & Ding,0.45715283375765536,0.5818161075382242,-26.36962471023067,-0.026770938984679443,-0.0017091779443426072,0.5648854961832062,0.4482758620689655,0.5098039215686274,0.47706422018348627,0.5897058823529412,198.0
SUPPORT,Nonlinear XOR,0,Hybrid,0.3635404392383098,0.45726818899770727,-15.905940679680548,0.1868253883521059,0.02403120369581565,0.6030534351145038,0.49230769230769234,0.6274509803921569,0.5517241379310345,0.6720588235294118,239.0
SUPPORT,Nonlinear XOR,0,CRE,0.3348227456394724,0.4205875020308332,-13.302438467113348,0.21521379383974804,-0.0012238595208869305,0.6183206106870229,0.5084745762711864,0.5882352941176471,0.5454545454545454,0.6767156862745098,394.0
SUPPORT,Nonlinear XOR,0,SCRE,0.09775313620613481,0.11629239168085533,-0.09345261156526385,0.252629050338974,0.02284467425022113,0.6793893129770993,0.5789473684210527,0.6470588235294118,0.6111111111111112,0.6794117647058824,1.0
SUPPORT,Nonlinear XOR,0,CISCaRL (direct),0.1979277019158168,0.3197927056709999,-7.26864731781909,0.14298241318057378,-0.1566055163645025,0.6412213740458015,0.5769230769230769,0.29411764705882354,0.38961038961038963,0.5814950980392157,4.0
SUPPORT,Nonlinear XOR,0,CISCaRL (auto),0.1979277019158168,0.3197927056709999,-7.26864731781909,0.14298241318057378,-0.1566055163645025,0.6412213740458015,0.5769230769230769,0.29411764705882354,0.38961038961038963,0.5814950980392157,4.0
SUPPORT,Nonlinear XOR,0,CISCaRL (posthoc),0.08391463033280627,0.10885523610773543,0.041932716994741104,0.3286216272057507,-0.01043959338310282,0.6793893129770993,0.6285714285714286,0.43137254901960786,0.5116279069767442,0.7539215686274511,8.0
SUPPORT,Nonlinear XOR,1,Cox T-learner,0.1053118418796606,0.11135278292149405,-0.01313454393738045,0.0,0.012678708370052682,0.5648854961832062,0.0,0.0,0.0,,
SUPPORT,Nonlinear XOR,1,CSF (RF),0.1150361788990731,0.14600038678152452,-0.7416985298133734,0.3315432658944109,0.006201560922823248,0.6717557251908397,0.6129032258064516,0.6666666666666666,0.6386554621848739,0.6792318634423897,
SUPPORT,Nonlinear XOR,1,Bo & Ding,0.36043935784590153,0.4760759665403223,-17.518998146585048,0.010473495969679177,-0.0009643071897375731,0.5343511450381679,0.4696969696969697,0.543859649122807,0.5040650406504065,0.5033191085822665,184.0
SUPPORT,Nonlinear XOR,1,Hybrid,0.34046087660089563,0.42139712962856046,-13.5093554022105,0.18846954572145413,0.026583586743262246,0.5343511450381679,0.4722222222222222,0.5964912280701754,0.5271317829457365,0.5794215267899478,232.0
SUPPORT,Nonlinear XOR,1,CRE,0.32644399004155433,0.3993158176763991,-12.0286074843054,0.18654246516841938,0.019557380830770663,0.549618320610687,0.4857142857142857,0.5964912280701754,0.5354330708661418,0.5682788051209104,358.0
SUPPORT,Nonlinear XOR,1,SCRE,0.10684920445741761,0.1154832946576746,-0.08969084858867116,0.014279613516254735,0.008197237716855866,0.48091603053435117,0.42028985507246375,0.5087719298245614,0.4603174603174603,0.48553816974869607,2.0
SUPPORT,Nonlinear XOR,1,CISCaRL (direct),0.14619090677453214,0.18491130184630006,-1.7937779480635268,0.39150570456556333,0.020545343149283947,0.7099236641221374,0.6610169491525424,0.6842105263157895,0.6724137931034483,0.6755571360834519,2.0
SUPPORT,Nonlinear XOR,1,CISCaRL (auto),0.14619090677453214,0.18491130184630006,-1.7937779480635268,0.39150570456556333,0.020545343149283947,0.7099236641221374,0.6610169491525424,0.6842105263157895,0.6724137931034483,0.6755571360834519,2.0
SUPPORT,Nonlinear XOR,1,CISCaRL (posthoc),0.12481071540817905,0.15414209715622867,-0.9413663580326965,0.10874938051082869,0.10646986545013969,0.48854961832061067,0.45689655172413796,0.9298245614035088,0.6127167630057804,0.5286865813181603,8.0
SUPPORT,Nonlinear XOR,2,Cox T-learner,0.10416971652277172,0.11024213203822435,-0.05091164010025029,0.0,0.024264594976004628,0.6183206106870229,0.0,0.0,0.0,,
SUPPORT,Nonlinear XOR,2,CSF (RF),0.164712231873895,0.20499624987653853,-2.633815119306781,-0.20985960604281215,-0.05453334381575777,0.549618320610687,0.3902439024390244,0.32,0.3516483516483517,0.48444444444444446,
SUPPORT,Nonlinear XOR,2,Bo & Ding,0.4401475027280474,0.5591576085932867,-26.035815410427784,-0.038632360006405804,-0.11906174181445688,0.5648854961832062,0.42857142857142855,0.42,0.42424242424242425,0.54,206.0
SUPPORT,Nonlinear XOR,2,Hybrid,0.3623088690785952,0.4450008110577484,-16.123502440267927,-0.19829712272460362,0.004670793220063837,0.4961832061068702,0.3620689655172414,0.42,0.3888888888888889,0.4930864197530864,249.0
SUPPORT,Nonlinear XOR,2,CRE,0.36998951382141154,0.44580504511891506,-16.185451757029163,-0.23156995676079647,-0.01129999929474174,0.4732824427480916,0.3333333333333333,0.38,0.35514018691588783,0.4782716049382717,371.0
SUPPORT,Nonlinear XOR,2,SCRE,0.10686795735157037,0.113116861442271,-0.1064344465749476,-0.11387925052047192,0.026222922478635446,0.4122137404580153,0.3246753246753247,0.5,0.3937007874015748,0.3977777777777778,1.0
SUPPORT,Nonlinear XOR,2,CISCaRL (direct),0.11821228716007792,0.14998982348383605,-0.945335817065279,-0.10210579375008509,-0.06332108188529327,0.6183206106870229,0.5,0.02,0.038461538461538464,0.4883950617283951,6.0
SUPPORT,Nonlinear XOR,2,CISCaRL (auto),0.11821228716007792,0.14998982348383605,-0.945335817065279,-0.10210579375008509,-0.06332108188529327,0.6183206106870229,0.5,0.02,0.038461538461538464,0.4883950617283951,6.0
SUPPORT,Nonlinear XOR,2,CISCaRL (posthoc),0.11007527040082661,0.14481468207046874,-0.8134107470926446,-0.11908261324600708,-0.0917972676915652,0.6183206106870229,0.0,0.0,0.0,0.501851851851852,7.0
GBSG,AFT-Gumbel,0,Cox T-learner,0.10492935738141161,0.12359737428614632,-1.719744071229493,-0.14685843546589727,0.01618500676995994,0.5970873786407767,0.6421052631578947,0.8905109489051095,0.746177370030581,0.33259282767375437,
GBSG,AFT-Gumbel,0,CSF (RF),0.17324016357821564,0.22748806870332458,-8.213545752723736,-0.13465241621358173,0.05709817460379615,0.616504854368932,0.676829268292683,0.8102189781021898,0.7375415282392026,0.4311858669205544,
GBSG,AFT-Gumbel,0,Bo & Ding,0.5083180597365483,0.6414631895535358,-72.25765761522224,-0.039434145318093895,0.08339607385455379,0.5097087378640777,0.652542372881356,0.5620437956204379,0.6039215686274509,0.4884692690151275,223.0
GBSG,AFT-Gumbel,0,Hybrid,0.4620239422480994,0.5993125019620159,-62.946418289908834,-0.10372037923294875,0.08724272969322669,0.5533980582524272,0.6691729323308271,0.6496350364963503,0.6592592592592592,0.46186395853168305,353.0
GBSG,AFT-Gumbel,0,CRE,0.4807543420243567,0.6133875128526756,-65.98528514157388,-0.1170990047140205,0.09371867685128245,0.5436893203883495,0.6592592592592592,0.6496350364963503,0.6544117647058824,0.4480059240452766,619.0
GBSG,AFT-Gumbel,0,SCRE,0.09094236431889,0.11491725471520618,-1.351148359547993,-0.03423226584760378,-0.0834538485130146,0.45145631067961167,0.6304347826086957,0.4233576642335766,0.5065502183406113,0.4087591240875913,2.0
GBSG,AFT-Gumbel,0,CISCaRL (direct),0.08206104020451578,0.10517299910056704,-0.9693280471368861,0.27275825142168936,0.07366217014072253,0.6650485436893204,0.6650485436893204,1.0,0.7988338192419825,0.6266264677880038,3.0
GBSG,AFT-Gumbel,0,CISCaRL (auto),0.08206104020451578,0.10517299910056704,-0.9693280471368861,0.27275825142168936,0.07366217014072253,0.6650485436893204,0.6650485436893204,1.0,0.7988338192419825,0.6266264677880038,3.0
GBSG,AFT-Gumbel,0,CISCaRL (posthoc),0.07851111525769205,0.0858797029668099,-0.3130782773433729,-0.13719457396868281,0.005518727347767752,0.6650485436893204,0.6650485436893204,1.0,0.7988338192419825,0.451972918650164,7.0
GBSG,AFT-Gumbel,1,Cox T-learner,0.08748835866563758,0.1014648308665469,-0.716502910794746,0.6828454646827288,0.08715452014784633,0.6407766990291263,0.6390243902439025,1.0,0.7797619047619048,0.9092111959287531,
GBSG,AFT-Gumbel,1,CSF (RF),0.13170081161973907,0.1598204671588809,-3.258711929562894,0.5278156125436544,0.08227070224581853,0.7184466019417476,0.7134502923976608,0.9312977099236641,0.8079470198675497,0.7956234096692113,
GBSG,AFT-Gumbel,1,Bo & Ding,0.5222044452914154,0.6733233768715914,-74.5893930860628,0.14989812349808368,0.07469345395139075,0.5970873786407767,0.6791044776119403,0.6946564885496184,0.6867924528301886,0.5845292620865139,250.0
GBSG,AFT-Gumbel,1,Hybrid,0.4765215453464325,0.6045407514626571,-59.93469416537937,0.07664673075508462,0.11078969754275024,0.587378640776699,0.6642857142857143,0.7099236641221374,0.6863468634686347,0.529262086513995,347.0
GBSG,AFT-Gumbel,1,CRE,0.46942712469891795,0.5912912188852012,-57.29298994498077,0.08805357891814708,0.1037791321056443,0.5679611650485437,0.6544117647058824,0.6793893129770993,0.6666666666666666,0.5342493638676845,651.0
GBSG,AFT-Gumbel,1,SCRE,0.08300307230620395,0.11182958398032039,-1.0851000141364997,0.5714697773459182,-0.08284148811898466,0.6310679611650486,0.9661016949152542,0.4351145038167939,0.6,0.7042239185750636,1.0
GBSG,AFT-Gumbel,1,CISCaRL (direct),0.14415723546070902,0.16632285257597643,-3.612297609600571,0.05905719810275773,0.14415723546070902,0.6359223300970874,0.6359223300970874,1.0,0.7774480712166172,0.5384223918575064,2.0
GBSG,AFT-Gumbel,1,CISCaRL (auto),0.14415723546070902,0.16632285257597643,-3.612297609600571,0.05905719810275773,0.14415723546070902,0.6359223300970874,0.6359223300970874,1.0,0.7774480712166172,0.5384223918575064,2.0
GBSG,AFT-Gumbel,1,CISCaRL (posthoc),0.09060188480313038,0.11328932161543424,-1.139889881195074,0.23917043254058912,0.07730033964460133,0.6359223300970874,0.6359223300970874,1.0,0.7774480712166172,0.674910941475827,6.0
GBSG,AFT-Gumbel,2,Cox T-learner,0.05130709758127263,0.07001507893244359,0.13142318083055882,0.6538529921914754,0.026671280980003036,0.7864077669902912,0.7671957671957672,1.0,0.8682634730538922,0.8586772187676653,
GBSG,AFT-Gumbel,2,CSF (RF),0.1148091902766325,0.1485094507235554,-2.9078083156107204,0.12088977674711737,0.026865708486242673,0.6601941747572816,0.7300613496932515,0.8206896551724138,0.7727272727272727,0.5493499152063313,
GBSG,AFT-Gumbel,2,Bo & Ding,0.5010244573728031,0.6448590159050277,-72.68084899862758,0.04874550755626114,0.1290183564151704,0.558252427184466,0.7014925373134329,0.6482758620689655,0.6738351254480287,0.5198417184850198,279.0
GBSG,AFT-Gumbel,2,Hybrid,0.38422822247469923,0.4758640403933649,-39.122764112799864,0.09803416960313363,0.06630680328488871,0.5922330097087378,0.725925925925926,0.6758620689655173,0.7,0.5823629169022047,308.0
GBSG,AFT-Gumbel,2,CRE,0.36591301531566356,0.4603667964258252,-36.55199850858831,0.082236093535621,0.087961285634599,0.5825242718446602,0.7185185185185186,0.6689655172413793,0.6928571428571428,0.5673261729790843,528.0
GBSG,AFT-Gumbel,2,SCRE,0.0951084864577721,0.10955322272462116,-1.1265489526592352,0.7278012853882802,-0.09390599110657101,0.7815533980582524,0.923728813559322,0.7517241379310344,0.8288973384030418,0.8394573205200679,2.0
GBSG,AFT-Gumbel,2,CISCaRL (direct),0.13289114487247408,0.1536276444537696,-3.1818053353515223,0.021942800739372423,0.13289114487247408,0.7038834951456311,0.7038834951456311,1.0,0.8262108262108262,0.4724137931034482,2.0
GBSG,AFT-Gumbel,2,CISCaRL (auto),0.13289114487247408,0.1536276444537696,-3.1818053353515223,0.021942800739372423,0.13289114487247408,0.7038834951456311,0.7038834951456311,1.0,0.8262108262108262,0.4724137931034482,2.0
GBSG,AFT-Gumbel,2,CISCaRL (posthoc),0.08633647908131374,0.11291863707788168,-1.259208556833662,-0.16477821519980845,0.08231254192844373,0.7038834951456311,0.7038834951456311,1.0,0.8262108262108262,0.4144714527981911,8.0
GBSG,Cox PH,0,Cox T-learner,0.31441363697808783,0.33947568801667594,-14.347992719953607,-0.4345467520871214,0.31441363697808783,,,,,,
GBSG,Cox PH,0,CSF (RF),0.33406344241620456,0.36908607675696375,-17.14218348260377,-0.07334327447811535,0.3340388397177765,,,,,,
GBSG,Cox PH,0,Bo & Ding,0.6003167749498658,0.7649289917730383,-76.9249394079687,-0.10734370331701985,0.27396918385737656,,,,,,250.0
GBSG,Cox PH,0,Hybrid,0.5508335337455611,0.6754903461097428,-59.76766143147493,-0.030838445479622337,0.3859142119562893,,,,,,367.0
GBSG,Cox PH,0,CRE,0.5606375817304632,0.6726689838224104,-59.26109744764565,-0.013048551758325748,0.3872860200678711,,,,,,614.0
GBSG,Cox PH,0,SCRE,0.15884607980193094,0.1993900277001332,-4.294696827062311,-0.8024625412667842,0.15814097971328406,,,,,,1.0
GBSG,Cox PH,0,CISCaRL (direct),0.19331768845775188,0.2192198436082651,-5.400206069739918,0.16358873771517693,0.17382195266288936,,,,,,3.0
GBSG,Cox PH,0,CISCaRL (auto),0.19331768845775188,0.2192198436082651,-5.400206069739918,0.16358873771517693,0.17382195266288936,,,,,,3.0
GBSG,Cox PH,0,CISCaRL (posthoc),0.3128309557019176,0.3264940929511651,-13.196617677510757,0.05088505445310438,0.3128309557019176,,,,,,6.0
GBSG,Cox PH,1,Cox T-learner,0.3864127724327429,0.43777220641641224,-25.417119906857845,-0.6579862381244742,0.3853830230071403,,,,,,
GBSG,Cox PH,1,CSF (RF),0.41330777410466113,0.47800422812253607,-30.49579485532669,-0.42107853799578643,0.40709314001741914,,,,,,
GBSG,Cox PH,1,Bo & Ding,0.6573302127651277,0.8017259870204584,-87.60148864257634,-0.20082465276470568,0.4006811368387893,,,,,,236.0
GBSG,Cox PH,1,Hybrid,0.5869814787725239,0.7024087703491116,-67.00940071814043,-0.17682359699474087,0.42882119997543006,,,,,,352.0
GBSG,Cox PH,1,CRE,0.5808104636382729,0.6934606681180857,-65.28767156651426,-0.20719219260048585,0.42613144332326125,,,,,,621.0
GBSG,Cox PH,1,SCRE,0.17444502908382745,0.22197411580074547,-5.791938835772135,-0.7869714035169769,0.16787924598785736,,,,,,1.0
GBSG,Cox PH,1,CISCaRL (direct),0.42086415186499493,0.4339046884105878,-24.952415302457364,-0.009792794927005005,0.42086415186499493,,,,,,4.0
GBSG,Cox PH,1,CISCaRL (auto),0.42086415186499493,0.4339046884105878,-24.952415302457364,-0.009792794927005005,0.42086415186499493,,,,,,4.0
GBSG,Cox PH,1,CISCaRL (posthoc),0.34049068318139797,0.35637704173479984,-16.506871084218375,-0.13991997992246333,0.34049068318139797,,,,,,10.0
GBSG,Cox PH,2,Cox T-learner,0.2708479936849642,0.3180792571145358,-13.199156447566605,-0.3663279748214372,0.22296692483849387,,,,,,
GBSG,Cox PH,2,CSF (RF),0.3054085469741574,0.3598677346141869,-17.175135924688043,-0.02102288874935496,0.2869540387703039,,,,,,
GBSG,Cox PH,2,Bo & Ding,0.6024330440068584,0.7518782713279812,-78.33903539100535,-0.13275876034037468,0.2956988699612227,,,,,,233.0
GBSG,Cox PH,2,Hybrid,0.5668195198122536,0.6900695975114066,-65.83095014722673,-0.14186311541887556,0.22007928362622733,,,,,,335.0
GBSG,Cox PH,2,CRE,0.5672177137997331,0.6893228801717509,-65.68639420891058,-0.12117129578368371,0.22552583892493247,,,,,,598.0
GBSG,Cox PH,2,SCRE,0.14272524760252706,0.18927831250838092,-4.027980194171448,-0.7429272510231184,0.13946908732752075,,,,,,1.0
GBSG,Cox PH,2,CISCaRL (direct),0.22160351156230532,0.24665431395663273,-7.538258098926979,-0.1737168631435988,0.22160351156230532,,,,,,3.0
GBSG,Cox PH,2,CISCaRL (auto),0.22160351156230532,0.24665431395663273,-7.538258098926979,-0.1737168631435988,0.22160351156230532,,,,,,3.0
GBSG,Cox PH,2,CISCaRL (posthoc),0.2874523106022788,0.3003003636287819,-11.656206833549424,0.12393952099712482,0.2874523106022788,,,,,,4.0
GBSG,Non-PH (Crossing),0,Cox T-learner,0.10216536061718036,0.139114827687434,-0.12308420999438296,0.6282627354792397,0.02588942139034373,0.7766990291262136,0.775,0.6888888888888889,0.7294117647058823,0.8560344827586207,
GBSG,Non-PH (Crossing),0,CSF (RF),0.16020823689464794,0.20069582312904227,-1.3374490066025455,0.24825977718674652,0.026286607157964686,0.6213592233009708,0.5588235294117647,0.6333333333333333,0.59375,0.6760536398467434,
GBSG,Non-PH (Crossing),0,Bo & Ding,0.48846002920787834,0.6193727897164629,-21.26228411805473,0.1293031556213219,-0.005258277401163872,0.529126213592233,0.46236559139784944,0.4777777777777778,0.46994535519125685,0.5671455938697317,232.0
GBSG,Non-PH (Crossing),0,Hybrid,0.4765997739541788,0.5912358539798181,-19.285560068334416,0.0725994568715069,-0.0060818150525894735,0.5388349514563107,0.4742268041237113,0.5111111111111111,0.4919786096256685,0.5562260536398468,371.0
GBSG,Non-PH (Crossing),0,CRE,0.4722523136583413,0.5783280625443619,-18.409484886640524,0.1243049147014381,0.01624742507958385,0.5436893203883495,0.4787234042553192,0.5,0.4891304347826087,0.5884099616858238,690.0
GBSG,Non-PH (Crossing),0,SCRE,0.09192811356225095,0.11057927286935129,0.2904010949178568,0.7522788617863392,0.061525865166296954,0.9854368932038835,0.967741935483871,1.0,0.9836065573770492,0.9986590038314177,1.0
GBSG,Non-PH (Crossing),0,CISCaRL (direct),0.1322946676129202,0.1466940043007605,-0.2487922773120741,0.012250355858593623,0.06528947260414933,0.5388349514563107,0.46835443037974683,0.4111111111111111,0.4378698224852071,0.5170019157088123,3.0
GBSG,Non-PH (Crossing),0,CISCaRL (auto),0.1322946676129202,0.1466940043007605,-0.2487922773120741,0.012250355858593623,0.06528947260414933,0.5388349514563107,0.46835443037974683,0.4111111111111111,0.4378698224852071,0.5170019157088123,3.0
GBSG,Non-PH (Crossing),0,CISCaRL (posthoc),0.14486846016956598,0.16990258769567007,-0.6751953694682606,0.0767660828018001,0.06413338610848895,0.5145631067961165,0.41935483870967744,0.28888888888888886,0.34210526315789475,0.550095785440613,6.0
GBSG,Non-PH (Crossing),1,Cox T-learner,0.10391096290645556,0.13210063332962818,0.2210360001358772,0.698670078419626,0.047386759391969596,0.9320388349514563,0.9,0.9705882352941176,0.9339622641509434,0.9748303167420814,
GBSG,Non-PH (Crossing),1,CSF (RF),0.14248960763902774,0.18033809391817907,-0.45171892255104784,0.659710706370592,0.02270875435901761,0.8203883495145631,0.8350515463917526,0.7941176470588235,0.8140703517587939,0.8822586726998491,
GBSG,Non-PH (Crossing),1,Bo & Ding,0.516690841033242,0.6455744969780002,-17.603742452182427,0.27494720051409366,-0.025169277512098333,0.6213592233009708,0.6304347826086957,0.5686274509803921,0.5979381443298969,0.6664781297134238,255.0
GBSG,Non-PH (Crossing),1,Hybrid,0.46597098304152185,0.5827740661633077,-14.160307901920696,0.30134227635481464,0.0010275177304979834,0.6699029126213593,0.673469387755102,0.6470588235294118,0.66,0.690893665158371,372.0
GBSG,Non-PH (Crossing),1,CRE,0.46099198345164544,0.5794465399696653,-13.987677356940184,0.2886299117079593,-0.0021109921028990377,0.6407766990291263,0.64,0.6274509803921569,0.6336633663366337,0.6925904977375565,637.0
GBSG,Non-PH (Crossing),1,SCRE,0.08076634449839555,0.1017439787087558,0.5379116482343713,0.7164980012821833,0.051972280310991006,0.9611650485436893,0.9272727272727272,1.0,0.9622641509433962,0.9968891402714932,1.0
GBSG,Non-PH (Crossing),1,CISCaRL (direct),0.14111898919288857,0.16234028925662228,-0.17641409269192443,0.04906122199876179,-0.003939640947287065,0.3883495145631068,0.3,0.17647058823529413,0.2222222222222222,0.5139988687782806,4.0
GBSG,Non-PH (Crossing),1,CISCaRL (auto),0.14111898919288857,0.16234028925662228,-0.17641409269192443,0.04906122199876179,-0.003939640947287065,0.3883495145631068,0.3,0.17647058823529413,0.2222222222222222,0.5139988687782806,4.0
GBSG,Non-PH (Crossing),1,CISCaRL (posthoc),0.11676993830759934,0.12947107401134572,0.25173903649140295,0.5222760293853684,0.014165894990138234,0.587378640776699,0.6133333333333333,0.45098039215686275,0.519774011299435,0.7524981146304676,7.0
GBSG,Non-PH (Crossing),2,Cox T-learner,0.11014882832448529,0.14546479038457313,-0.22195790226727063,0.5157908247867183,0.012993028719194107,0.7815533980582524,0.7802197802197802,0.7395833333333334,0.7593582887700535,0.8667613636363637,
GBSG,Non-PH (Crossing),2,CSF (RF),0.16574517589972307,0.2165210854056972,-1.707327934264684,0.4262328388374401,0.017849537180152742,0.6844660194174758,0.6962025316455697,0.5729166666666666,0.6285714285714286,0.7271780303030303,
GBSG,Non-PH (Crossing),2,Bo & Ding,0.5746744067475823,0.7233049895557369,-29.21227264824022,0.10306866119529931,0.009829341966847404,0.5436893203883495,0.51,0.53125,0.5204081632653061,0.5183712121212121,265.0
GBSG,Non-PH (Crossing),2,Hybrid,0.48679707420048285,0.6028781126473719,-19.98937504335065,0.25422912140440257,-0.009682846252641137,0.558252427184466,0.5287356321839081,0.4791666666666667,0.5027322404371585,0.6265151515151516,376.0
GBSG,Non-PH (Crossing),2,CRE,0.47582026208336087,0.5855467949049711,-18.799931582307654,0.22575813942894246,0.0013948232508305728,0.558252427184466,0.5263157894736842,0.5208333333333334,0.5235602094240838,0.6138257575757575,680.0
GBSG,Non-PH (Crossing),2,SCRE,0.08497204390795,0.10701106055916222,0.3387010854760695,0.6912085890940552,0.055164127093900985,0.8883495145631068,0.8411214953271028,0.9375,0.8866995073891626,0.959659090909091,1.0
GBSG,Non-PH (Crossing),2,CISCaRL (direct),0.12924400470216232,0.14518201208548304,-0.21721163597806625,-0.03478984247846572,-0.054630886366968945,0.5339805825242718,0.0,0.0,0.0,0.49696969696969695,3.0
GBSG,Non-PH (Crossing),2,CISCaRL (auto),0.12924400470216232,0.14518201208548304,-0.21721163597806625,-0.03478984247846572,-0.054630886366968945,0.5339805825242718,0.0,0.0,0.0,0.49696969696969695,3.0
GBSG,Non-PH (Crossing),2,CISCaRL (posthoc),0.12063673674135389,0.13982842642333868,-0.12909741705653488,0.17764038109745933,0.035814855860193964,0.5242718446601942,0.4807692307692308,0.2604166666666667,0.33783783783783783,0.5955018939393939,9.0
GBSG,Nonlinear XOR,0,Cox T-learner,0.0942997824650431,0.1344872109624017,-1.951643400891248,-0.08820578994746109,0.003551675812375424,0.8009708737864077,0.9254658385093167,0.8370786516853933,0.8790560471976401,0.759430176565008,
GBSG,Nonlinear XOR,0,CSF (RF),0.1586724689062939,0.18762627923894623,-4.744989587144968,-0.0013514788879109704,-0.047506237673976784,0.46601941747572817,0.8148148148148148,0.4943820224719101,0.6153846153846154,0.3517255216693419,
GBSG,Nonlinear XOR,0,Bo & Ding,0.5065384461911974,0.6410681595175107,-66.06722345546876,-0.08576031233235108,-0.01912001833408843,0.47572815533980584,0.8365384615384616,0.4887640449438202,0.6170212765957447,0.42335473515248795,242.0
GBSG,Nonlinear XOR,0,Hybrid,0.4089683919234648,0.5244456213265978,-43.88516653215174,-0.017429896728075607,-0.05177083020017689,0.529126213592233,0.8584070796460177,0.5449438202247191,0.6666666666666666,0.4492375601926164,301.0
GBSG,Nonlinear XOR,0,CRE,0.4026273050168856,0.5110305234777122,-41.618248296099296,0.006619432399702082,-0.06060692876944169,0.5145631067961165,0.875,0.5112359550561798,0.6453900709219859,0.45044141252006425,538.0
GBSG,Nonlinear XOR,0,SCRE,0.10994974866399149,0.11774949454548067,-1.2626637357509525,0.02035798060713021,-0.07817251534139634,0.3300970873786408,0.8225806451612904,0.28651685393258425,0.425,0.48354735152487954,1.0
GBSG,Nonlinear XOR,0,CISCaRL (direct),0.0765011424158773,0.08684262351525823,-0.2307441589651058,0.0,-0.03760229925806856,0.8640776699029126,0.8640776699029126,1.0,0.9270833333333334,,0.0
GBSG,Nonlinear XOR,0,CISCaRL (auto),0.08178922726685099,0.09431868152093134,-0.4517684550937209,0.03834017850754772,-0.043893146351871276,0.7475728155339806,0.8620689655172413,0.8426966292134831,0.8522727272727273,0.4608747993579454,5.0
GBSG,Nonlinear XOR,0,CISCaRL (posthoc),0.08178922726685099,0.09431868152093134,-0.4517684550937209,0.03834017850754772,-0.043893146351871276,0.7475728155339806,0.8620689655172413,0.8426966292134831,0.8522727272727273,0.4608747993579454,5.0
GBSG,Nonlinear XOR,1,Cox T-learner,0.07322577809119382,0.09333021702358658,-0.5432297164048474,0.6414235201979459,-0.047126752965418926,0.7281553398058253,0.9565217391304348,0.7252747252747253,0.825,0.8044871794871795,
GBSG,Nonlinear XOR,1,CSF (RF),0.13659743771893074,0.17220216481698117,-4.253675441949243,0.25787695785791376,-0.06743306124590064,0.5728155339805825,0.9272727272727272,0.5604395604395604,0.6986301369863014,0.6460622710622711,
GBSG,Nonlinear XOR,1,Bo & Ding,0.4970941804487332,0.6090868320738303,-64.7270964135778,0.11511997713347674,-0.020371761261792316,0.5679611650485437,0.9043478260869565,0.5714285714285714,0.7003367003367004,0.6295787545787546,207.0
GBSG,Nonlinear XOR,1,Hybrid,0.44013433354346443,0.5600942890310932,-54.57869112271972,0.06491624303056841,-0.07855098231365128,0.5339805825242718,0.9056603773584906,0.5274725274725275,0.6666666666666666,0.5293040293040293,326.0
GBSG,Nonlinear XOR,1,CRE,0.4560344866169251,0.5724322080863038,-57.054267412345965,0.09118941386019155,-0.07968773679356429,0.5145631067961165,0.9019607843137255,0.5054945054945055,0.647887323943662,0.5256410256410257,619.0
GBSG,Nonlinear XOR,1,SCRE,0.10153134777298554,0.10444888390174481,-0.9328298912368198,0.6378831833167297,-0.08087078223037354,0.529126213592233,0.9381443298969072,0.5,0.6523297491039427,0.6694139194139195,1.0
GBSG,Nonlinear XOR,1,CISCaRL (direct),0.19623156751382398,0.2132763895493028,-7.058822427924277,0.01673717712517563,-0.19419241291533776,0.1941747572815534,0.9444444444444444,0.09340659340659341,0.17,0.5103021978021978,3.0
GBSG,Nonlinear XOR,1,CISCaRL (auto),0.19623156751382398,0.2132763895493028,-7.058822427924277,0.01673717712517563,-0.19419241291533776,0.1941747572815534,0.9444444444444444,0.09340659340659341,0.17,0.5103021978021978,3.0
GBSG,Nonlinear XOR,1,CISCaRL (posthoc),0.1190346146637754,0.12390233471064976,-1.7198503295342387,0.014842955534144758,-0.09862089603169255,0.1941747572815534,0.9444444444444444,0.09340659340659341,0.17,0.5153388278388278,9.0
GBSG,Nonlinear XOR,2,Cox T-learner,0.07496305746493773,0.10305377742144163,-0.9282264564633165,0.5047487067092388,-0.00012118828456980161,0.8398058252427184,0.9457831325301205,0.8674033149171271,0.9048991354466859,0.8495027624309391,
GBSG,Nonlinear XOR,2,CSF (RF),0.14744091534092046,0.1922379054943576,-5.709779657000934,0.3319441041265766,-0.0011507072818903515,0.6456310679611651,0.8970588235294118,0.6740331491712708,0.7697160883280757,0.5699447513812155,
GBSG,Nonlinear XOR,2,Bo & Ding,0.5271788147713519,0.6962188376155315,-87.00791783109682,0.1847647404901501,-0.022931632280259736,0.6213592233009708,0.9401709401709402,0.6077348066298343,0.738255033557047,0.6662983425414365,246.0
GBSG,Nonlinear XOR,2,Hybrid,0.33474639935605294,0.4378324405315689,-33.80535599608763,0.1406416124990479,-0.006479525761141696,0.5970873786407767,0.8951612903225806,0.6132596685082873,0.7278688524590164,0.5261878453038674,288.0
GBSG,Nonlinear XOR,2,CRE,0.3635249438030337,0.4679792509370573,-38.76338996699647,0.14221959568695697,-0.02299689010980509,0.5776699029126213,0.8916666666666667,0.5911602209944752,0.7109634551495017,0.5230939226519337,597.0
GBSG,Nonlinear XOR,2,SCRE,0.10309536413757252,0.10924354130523124,-1.1668145672553076,0.0944044400456753,-0.0773621032310687,0.6844660194174758,0.8717948717948718,0.7513812154696132,0.8071216617210683,0.4176795580110497,1.0
GBSG,Nonlinear XOR,2,CISCaRL (direct),0.12725630854143416,0.20972631272772987,-6.986124004212771,-0.0402902125899447,0.1259502931718578,0.8786407766990292,0.8786407766990292,1.0,0.9354005167958657,0.43237569060773484,4.0
GBSG,Nonlinear XOR,2,CISCaRL (auto),0.12725630854143416,0.20972631272772987,-6.986124004212771,-0.0402902125899447,0.1259502931718578,0.8786407766990292,0.8786407766990292,1.0,0.9354005167958657,0.43237569060773484,4.0
GBSG,Nonlinear XOR,2,CISCaRL (posthoc),0.06059715815347873,0.10088134840703285,-0.8477872391449732,0.012600687523534191,0.027354529728251892,0.8786407766990292,0.8786407766990292,1.0,0.9354005167958657,0.4970165745856354,6.0
ACTG175,AFT-Gumbel,0,Cox T-learner,0.037457212444390285,0.07680519776285995,-0.3120649744060755,0.0,-0.037457212444390285,0.7274143302180686,0.0,0.0,0.0,,
ACTG175,AFT-Gumbel,0,CSF (RF),0.05988610005783133,0.075408009721396,-0.26476277700368644,0.5065475686191938,-0.0032847324813876297,0.6043613707165109,0.3968668407310705,0.8685714285714285,0.5448028673835126,0.8195656163964515,
ACTG175,AFT-Gumbel,0,Bo & Ding,0.20716026236532833,0.2612528291112526,-14.180851182819325,0.2593756033954772,-0.011813816571895643,0.5654205607476636,0.3514285714285714,0.7028571428571428,0.4685714285714286,0.6653166105842765,251.0
ACTG175,AFT-Gumbel,0,Hybrid,0.2343449989448114,0.293885235577169,-18.21010130337422,0.23930869070848065,-0.014761622542077562,0.5607476635514018,0.35809018567639256,0.7714285714285715,0.4891304347826087,0.6553196696237381,755.0
ACTG175,AFT-Gumbel,0,CRE,0.26630900466473423,0.3389636947652469,-24.555270864788234,0.2378631933961724,-0.020573245100898137,0.5747663551401869,0.36464088397790057,0.7542857142857143,0.49162011173184356,0.6538146222086265,1534.0
ACTG175,AFT-Gumbel,0,SCRE,0.045780745375641724,0.07366061768080384,-0.20682648125900016,0.36006335681620266,-0.03956308475842854,0.6869158878504673,0.4557823129251701,0.7657142857142857,0.5714285714285714,0.7105414499847048,1.0
ACTG175,AFT-Gumbel,0,CISCaRL (direct),0.05887573578384671,0.08518986526342243,-0.6141726384658184,0.38930164950275087,0.04396134850011422,0.27258566978193144,0.27258566978193144,1.0,0.4283965728274174,0.7260507800550626,3.0
ACTG175,AFT-Gumbel,0,CISCaRL (auto),0.05887573578384671,0.08518986526342243,-0.6141726384658184,0.38930164950275087,0.04396134850011422,0.27258566978193144,0.27258566978193144,1.0,0.4283965728274174,0.7260507800550626,3.0
ACTG175,AFT-Gumbel,0,CISCaRL (posthoc),0.06147767438401876,0.07663444432641194,-0.3062374896226947,0.36160568151313993,0.038251767619874304,0.27258566978193144,0.27258566978193144,1.0,0.4283965728274174,0.7153196696237382,6.0
ACTG175,AFT-Gumbel,1,Cox T-learner,0.04539522283544259,0.08411176437214049,-0.41098933147132133,0.0,-0.04539522283544259,0.6697819314641744,0.0,0.0,0.0,,
ACTG175,AFT-Gumbel,1,CSF (RF),0.08475823933469354,0.10371614170967364,-1.145373682592822,0.17012181197006015,-0.0011941137958084744,0.49065420560747663,0.3665893271461717,0.7452830188679245,0.49144634525660963,0.5981351469942957,
ACTG175,AFT-Gumbel,1,Bo & Ding,0.2283962831082442,0.2907977003000196,-15.865226545974604,0.07751237076954826,-0.0018768082517868572,0.5062305295950156,0.3561643835616438,0.6132075471698113,0.4506065857885615,0.5563405002193944,271.0
ACTG175,AFT-Gumbel,1,Hybrid,0.23791255457619626,0.29905349612462206,-16.83643320711402,0.10847719793421289,0.0024465564526369925,0.5280373831775701,0.37866666666666665,0.6698113207547169,0.4838160136286201,0.562033786748574,748.0
ACTG175,AFT-Gumbel,1,CRE,0.2645266965765421,0.3336155171904229,-21.197431721560015,0.07477248910026126,0.0069198261686758845,0.5124610591900312,0.3601108033240997,0.6132075471698113,0.4537521815008726,0.5386024572180781,1513.0
ACTG175,AFT-Gumbel,1,SCRE,0.05129199228356281,0.08004741743706446,-0.27792360930381554,0.4222717791758317,-0.04623474884908979,0.735202492211838,0.567741935483871,0.8301886792452831,0.6743295019157088,0.7397213690215007,1.0
ACTG175,AFT-Gumbel,1,CISCaRL (direct),0.05536592698202156,0.07511938783783871,-0.12541921064298345,0.32379354892057954,0.019521405951472653,0.37227414330218067,0.3339130434782609,0.9056603773584906,0.48792884371029227,0.6656263712154453,9.0
ACTG175,AFT-Gumbel,1,CISCaRL (auto),0.05536592698202156,0.07511938783783871,-0.12541921064298345,0.32379354892057954,0.019521405951472653,0.37227414330218067,0.3339130434782609,0.9056603773584906,0.48792884371029227,0.6656263712154453,9.0
ACTG175,AFT-Gumbel,1,CISCaRL (posthoc),0.05474673610798861,0.0656526575336102,0.140363465214693,0.3235022262984829,0.004081954220738715,0.3302180685358255,0.3302180685358255,1.0,0.4964871194379391,0.6698606845107503,9.0
ACTG175,AFT-Gumbel,2,Cox T-learner,0.03969654505077207,0.07846355873839016,-0.3440109041529116,0.0,-0.03969654505077207,0.7102803738317757,0.0,0.0,0.0,,
ACTG175,AFT-Gumbel,2,CSF (RF),0.07563000955774307,0.09363014019637912,-0.9138069878305335,0.4225078365763687,-0.005271491330434154,0.5685358255451713,0.38929440389294406,0.8602150537634409,0.5360134003350083,0.746415770609319,
ACTG175,AFT-Gumbel,2,Bo & Ding,0.22384801102815832,0.288481429547419,-17.16780716641768,0.20643451195741597,0.0051050210907681625,0.5404984423676013,0.353887399463807,0.7096774193548387,0.47227191413237923,0.6327108092812675,265.0
ACTG175,AFT-Gumbel,2,Hybrid,0.22334977584351232,0.2817162257919696,-16.32568888195175,0.14252716210191288,0.0038339604477710698,0.5109034267912772,0.32978723404255317,0.6666666666666666,0.4412811387900356,0.5861747783437088,757.0
ACTG175,AFT-Gumbel,2,CRE,0.24964727749326193,0.3168358016078283,-20.91468781306151,0.1548253355489276,0.00040716583201353464,0.5295950155763239,0.34324324324324323,0.6827956989247311,0.4568345323741007,0.5923292774948123,1521.0
ACTG175,AFT-Gumbel,2,SCRE,0.04754826976856589,0.07494682268464185,-0.22623368058887072,0.4808546527759915,-0.040959385907400885,0.735202492211838,0.5273972602739726,0.8279569892473119,0.6443514644351465,0.843072061875118,1.0
ACTG175,AFT-Gumbel,2,CISCaRL (direct),0.05626646855215652,0.064708141463597,0.08591908559268557,0.36106975590837725,0.010257796846017173,0.2897196261682243,0.2897196261682243,1.0,0.4492753623188406,0.6896929824561404,8.0
ACTG175,AFT-Gumbel,2,CISCaRL (auto),0.05626646855215652,0.064708141463597,0.08591908559268557,0.36106975590837725,0.010257796846017173,0.2897196261682243,0.2897196261682243,1.0,0.4492753623188406,0.6896929824561404,8.0
ACTG175,AFT-Gumbel,2,CISCaRL (posthoc),0.05407288587563198,0.0667899151993417,0.026157838963218105,0.12344128392645524,0.0008545376222506061,0.2897196261682243,0.2897196261682243,1.0,0.4492753623188406,0.5745024523674778,10.0
ACTG175,Cox PH,0,Cox T-learner,0.1057199651703614,0.13815870967028562,-1.4127852731243835,0.0,0.1057199651703614,,,,,,
ACTG175,Cox PH,0,CSF (RF),0.19784626284021078,0.26530433272434883,-7.89714813574593,-0.6608920521899864,0.18517942611475485,,,,,,
ACTG175,Cox PH,0,Bo & Ding,0.3143162820344767,0.39709284503449216,-18.931788040120267,-0.21206303718315084,0.18537084357287612,,,,,,268.0
ACTG175,Cox PH,0,Hybrid,0.32120242027092477,0.39705789392954177,-18.928279503685047,-0.3248224576558679,0.18202705017123866,,,,,,762.0
ACTG175,Cox PH,0,CRE,0.34176362458787696,0.4241844768933929,-21.744253079508862,-0.2871050922791335,0.17969511606939825,,,,,,1552.0
ACTG175,Cox PH,0,SCRE,0.11168357261179697,0.15515848574372612,-2.0430788203291783,-0.38623960166844884,0.10307121167258991,,,,,,1.0
ACTG175,Cox PH,0,CISCaRL (direct),0.20130982558350047,0.25855287796364573,-7.450081330632932,-0.5415400968662253,0.20130982558350047,,,,,,10.0
ACTG175,Cox PH,0,CISCaRL (auto),0.20130982558350047,0.25855287796364573,-7.450081330632932,-0.5415400968662253,0.20130982558350047,,,,,,10.0
ACTG175,Cox PH,0,CISCaRL (posthoc),0.20966570669693935,0.25328843272544066,-7.109477064177266,-0.4634408355688924,0.20966570669693935,,,,,,9.0
ACTG175,Cox PH,1,Cox T-learner,0.09984959259236345,0.13226176431427666,-1.3252202783824214,0.0,0.09984959259236345,,,,,,
ACTG175,Cox PH,1,CSF (RF),0.2578003033824408,0.28925614866054766,-10.121431141818787,-0.4504917193509177,0.2567701154064243,,,,,,
ACTG175,Cox PH,1,Bo & Ding,0.31966249473146435,0.39214390700222357,-19.440260265211645,-0.19092568395245493,0.24638119778750697,,,,,,258.0
ACTG175,Cox PH,1,Hybrid,0.3547961901007178,0.43232154567231623,-23.843297410934404,-0.15720780668602502,0.2706457862422369,,,,,,766.0
ACTG175,Cox PH,1,CRE,0.3750116642413232,0.4637468149282937,-27.58626122845298,-0.1296387173430176,0.26884476610910996,,,,,,1504.0
ACTG175,Cox PH,1,SCRE,0.10000438775829326,0.13255520843109056,-1.3355494787469087,-0.428732234979689,0.10000438775829326,,,,,,1.0
ACTG175,Cox PH,1,CISCaRL (direct),0.2589898950718575,0.27981875997976197,-9.407565043552768,-0.1839880938459148,0.2589898950718575,,,,,,7.0
ACTG175,Cox PH,1,CISCaRL (auto),0.2589898950718575,0.27981875997976197,-9.407565043552768,-0.1839880938459148,0.2589898950718575,,,,,,7.0
ACTG175,Cox PH,1,CISCaRL (posthoc),0.26574821123211423,0.28447472088240283,-9.75679367027472,-0.20507437356416958,0.26574821123211423,,,,,,8.0
ACTG175,Cox PH,2,Cox T-learner,0.09946903792273352,0.12966394645110046,-1.4300608087683098,0.0,0.09946903792273352,,,,,,
ACTG175,Cox PH,2,CSF (RF),0.2828239766165975,0.3098377052374308,-12.87545409422751,-0.1850035315623069,0.2790701374940557,,,,,,
ACTG175,Cox PH,2,Bo & Ding,0.3650074162045516,0.4335655569295226,-26.16991112888968,-0.20636828764728132,0.2869974667258234,,,,,,265.0
ACTG175,Cox PH,2,Hybrid,0.3474509949562246,0.4188408556457458,-24.35576665021784,-0.19853536694270926,0.2762255957779462,,,,,,784.0
ACTG175,Cox PH,2,CRE,0.36748827758814034,0.4477721643531085,-27.97963122045118,-0.1912875813053788,0.2817774579474853,,,,,,1546.0
ACTG175,Cox PH,2,SCRE,0.11286078722941852,0.14524972614021955,-2.0493643205386247,-0.2682229867861346,0.10304772142762053,,,,,,1.0
ACTG175,Cox PH,2,CISCaRL (direct),0.2904916386075276,0.3050851422733936,-12.453050914368385,-0.29498368352578763,0.2904916386075276,,,,,,7.0
ACTG175,Cox PH,2,CISCaRL (auto),0.2904916386075276,0.3050851422733936,-12.453050914368385,-0.29498368352578763,0.2904916386075276,,,,,,7.0
ACTG175,Cox PH,2,CISCaRL (posthoc),0.27870970205393597,0.2928206938783302,-11.393164115889737,-0.16725927650123157,0.27870970205393597,,,,,,8.0
ACTG175,Non-PH (Crossing),0,Cox T-learner,0.10349895480600084,0.13094540775183297,-0.5608362219700227,0.0,0.07849276580375636,0.7585669781931464,0.0,0.0,0.0,,
ACTG175,Non-PH (Crossing),0,CSF (RF),0.08036069989172995,0.10110672099353778,0.06945615195262322,0.7679298399760947,0.008764634838745929,0.8613707165109035,0.6542056074766355,0.9032258064516129,0.7588075880758808,0.9500033119162746,
ACTG175,Non-PH (Crossing),0,Bo & Ding,0.21062842661044456,0.2626700003621001,-5.28055090152563,0.4058215183996762,0.021655931084292337,0.6682242990654206,0.3971631205673759,0.7225806451612903,0.5125858123569794,0.7440021196264158,241.0
ACTG175,Non-PH (Crossing),0,Hybrid,0.2255626155709341,0.28322604988709654,-6.302022739877414,0.3925068320185486,0.024992355469495357,0.661993769470405,0.39666666666666667,0.7677419354838709,0.5230769230769231,0.7569450884281645,726.0
ACTG175,Non-PH (Crossing),0,CRE,0.2600418604672908,0.3244852503754763,-8.584439304129152,0.33667977226665863,0.023779293228330785,0.6464174454828661,0.37755102040816324,0.7161290322580646,0.49443207126948774,0.7228191031330728,1622.0
ACTG175,Non-PH (Crossing),0,SCRE,0.07677358536257912,0.0914926817310682,0.23800959091513885,0.8025629008951934,0.06323683120758175,0.7601246105919003,0.5016501650165016,0.9806451612903225,0.6637554585152838,0.8861363184738689,1.0
ACTG175,Non-PH (Crossing),0,CISCaRL (direct),0.07469106902853417,0.0934867295756869,0.2044330650683701,0.4808457039621711,0.027784099369716247,0.6542056074766355,0.3654618473895582,0.5870967741935483,0.4504950495049505,0.6709279989401868,5.0
ACTG175,Non-PH (Crossing),0,CISCaRL (auto),0.07469106902853417,0.0934867295756869,0.2044330650683701,0.4808457039621711,0.027784099369716247,0.6542056074766355,0.3654618473895582,0.5870967741935483,0.4504950495049505,0.6709279989401868,5.0
ACTG175,Non-PH (Crossing),0,CISCaRL (posthoc),0.06694707225398569,0.08177583885901096,0.391267055889726,0.5856072374126347,0.02490639134389036,0.6978193146417445,0.410958904109589,0.5806451612903226,0.48128342245989303,0.7015830959793337,8.0
ACTG175,Non-PH (Crossing),1,Cox T-learner,0.11058312782275495,0.13785160576676456,-0.6461537213401929,0.0,0.08636634887195092,0.7881619937694704,0.0,0.0,0.0,,
ACTG175,Non-PH (Crossing),1,CSF (RF),0.07923867821900918,0.09493643464748089,0.21924897190667336,0.8219138728493861,-0.07359290426953068,0.778816199376947,0.42857142857142855,0.1323529411764706,0.20224719101123595,0.8268571262497094,
ACTG175,Non-PH (Crossing),1,Bo & Ding,0.22076785437822039,0.2759046703316658,-5.5942412748885735,0.2509888784478016,-0.07613782834001685,0.6433021806853583,0.21818181818181817,0.2647058823529412,0.23920265780730898,0.5365176703092305,268.0
ACTG175,Non-PH (Crossing),1,Hybrid,0.23549690129794565,0.2983360694459139,-6.710068857114913,0.22343890415129242,-0.0726495739992117,0.6261682242990654,0.23195876288659795,0.33088235294117646,0.2727272727272727,0.5533015577772611,739.0
ACTG175,Non-PH (Crossing),1,CRE,0.26599418370903377,0.3383220208429272,-8.915332032109687,0.17338752391986859,-0.06488443339199446,0.5996884735202492,0.21052631578947367,0.3235294117647059,0.25507246376811593,0.5284381539176936,1576.0
ACTG175,Non-PH (Crossing),1,SCRE,0.09885174980924599,0.11917839076800613,-0.23038708364106286,0.6852958333033721,0.07813626037684136,0.6557632398753894,0.33962264150943394,0.6617647058823529,0.4488778054862843,0.7616978609625668,1.0
ACTG175,Non-PH (Crossing),1,CISCaRL (direct),0.08113427624596296,0.0991855838524615,0.14779547150223982,0.7127700327033366,-0.05797575558829545,0.7881619937694704,0.0,0.0,0.0,0.8181818181818181,2.0
ACTG175,Non-PH (Crossing),1,CISCaRL (auto),0.08113427624596296,0.0991855838524615,0.14779547150223982,0.7127700327033366,-0.05797575558829545,0.7881619937694704,0.0,0.0,0.0,0.8181818181818181,2.0
ACTG175,Non-PH (Crossing),1,CISCaRL (posthoc),0.07957082033794335,0.10184562775087973,0.10147222130891087,0.7127531839839607,-0.05452064244446132,0.7881619937694704,0.0,0.0,0.0,0.8004170541734481,8.0
ACTG175,Non-PH (Crossing),2,Cox T-learner,0.11377835785294935,0.1414130315175881,-0.6035298236211415,0.0,0.08675615171028139,0.7757009345794392,0.0,0.0,0.0,,
ACTG175,Non-PH (Crossing),2,CSF (RF),0.09324985114720503,0.12128080552737018,-0.17945757054047995,0.7672504938761848,0.047570966524757216,0.7850467289719626,0.5113636363636364,0.9375,0.6617647058823529,0.9637159750111558,
ACTG175,Non-PH (Crossing),2,Bo & Ding,0.20488724943135497,0.26407827601774997,-4.591953211377602,0.5362725666724142,0.03740710383792394,0.7305295950155763,0.44649446494464945,0.8402777777777778,0.5831325301204819,0.8271558456046408,261.0
ACTG175,Non-PH (Crossing),2,Hybrid,0.23797065399927952,0.296550113794242,-6.051708749867013,0.45429950330963176,0.05506868830365163,0.6433021806853583,0.36245954692556637,0.7777777777777778,0.49448123620309054,0.7890032351628737,742.0
ACTG175,Non-PH (Crossing),2,CRE,0.26366861792395563,0.3279702306418722,-7.625157359702726,0.42068242809292977,0.04360051997424108,0.660436137071651,0.3732876712328767,0.7569444444444444,0.5,0.7632753235162874,1556.0
ACTG175,Non-PH (Crossing),2,SCRE,0.08345630693913979,0.0986897637592009,0.21901553450397682,0.7819345257049004,0.0688320002798535,0.7710280373831776,0.4948453608247423,1.0,0.6620689655172414,0.8595771976796073,1.0
ACTG175,Non-PH (Crossing),2,CISCaRL (direct),0.09598687844359519,0.10763336509287229,0.0710506961868983,0.6188548614266969,0.0739108489844104,0.6915887850467289,0.3794642857142857,0.5902777777777778,0.46195652173913043,0.7713004796965639,8.0
ACTG175,Non-PH (Crossing),2,CISCaRL (auto),0.09598687844359519,0.10763336509287229,0.0710506961868983,0.6188548614266969,0.0739108489844104,0.6915887850467289,0.3794642857142857,0.5902777777777778,0.46195652173913043,0.7713004796965639,8.0
ACTG175,Non-PH (Crossing),2,CISCaRL (posthoc),0.09477572033345004,0.10711318940490709,0.08000794073675588,0.71679312293001,0.0601737248179288,0.6230529595015576,0.21839080459770116,0.2638888888888889,0.2389937106918239,0.7453424810352521,10.0
ACTG175,Nonlinear XOR,0,Cox T-learner,0.10708422454192815,0.11156084201998945,-0.02423815631648174,0.0,-0.017161731345903094,0.38317757009345793,0.0,0.0,0.0,,
ACTG175,Nonlinear XOR,0,CSF (RF),0.09827284771295369,0.11603340118385656,-0.1080093590290403,0.19453368316929434,-0.03833897167762257,0.5841121495327103,0.7654320987654321,0.4696969696969697,0.5821596244131455,0.7047096986121377,
ACTG175,Nonlinear XOR,0,Bo & Ding,0.2131024148989333,0.26992915739681195,-4.996212035171781,0.2599069177596571,-0.020625103728866268,0.6277258566978193,0.7492063492063492,0.5959595959595959,0.6638537271448663,0.683553009772522,292.0
ACTG175,Nonlinear XOR,0,Hybrid,0.22086495783350926,0.2781080213092934,-5.365088024847058,0.2152599942786483,-0.013676436322505373,0.6199376947040498,0.7248520710059172,0.6186868686868687,0.667574931880109,0.6434363964851769,761.0
ACTG175,Nonlinear XOR,0,CRE,0.24940319383750792,0.3093994684002503,-6.878009679446676,0.18797196880137979,-0.007664950383689937,0.5965732087227414,0.7044776119402985,0.5959595959595959,0.6456908344733242,0.6172599983575593,1510.0
ACTG175,Nonlinear XOR,0,SCRE,0.10644255224350216,0.10838413968373233,0.03326185943365567,0.0709186268600091,-0.01851816347684358,0.5109034267912772,0.6752136752136753,0.398989898989899,0.5015873015873016,0.5657900139607457,1.0
ACTG175,Nonlinear XOR,0,CISCaRL (direct),0.10606833724061597,0.11170871839560298,-0.02695525679349786,0.15035433266141965,-0.013384839048640467,0.5155763239875389,0.6231884057971014,0.5429292929292929,0.5802968960863698,0.48843105855300967,4.0
ACTG175,Nonlinear XOR,0,CISCaRL (auto),0.10606833724061597,0.11170871839560298,-0.02695525679349786,0.15035433266141965,-0.013384839048640467,0.5155763239875389,0.6231884057971014,0.5429292929292929,0.5802968960863698,0.48843105855300967,4.0
ACTG175,Nonlinear XOR,0,CISCaRL (posthoc),0.11250925603301833,0.11883164799324236,-0.16209497674330642,-0.2198435705521158,-0.03335222757977032,0.3909657320872274,0.5333333333333333,0.10101010101010101,0.16985138004246284,0.45796891681038027,10.0
ACTG175,Nonlinear XOR,1,Cox T-learner,0.1087196784055497,0.11428431885586246,-0.013494142685841481,0.0,-0.013187080935404475,0.40965732087227413,0.0,0.0,0.0,,
ACTG175,Nonlinear XOR,1,CSF (RF),0.1072900009091693,0.13223364073533117,-0.3568500825515002,0.192241831031493,0.042137687218473115,0.5934579439252337,0.6161417322834646,0.8258575197889182,0.705749718151071,0.5993057575970384,
ACTG175,Nonlinear XOR,1,Bo & Ding,0.21962679649138234,0.2795818666336518,-5.065490892570901,0.23553210376188258,0.0491672175210507,0.6074766355140186,0.660759493670886,0.6886543535620053,0.6744186046511628,0.6265537686728132,240.0
ACTG175,Nonlinear XOR,1,Hybrid,0.254599783329717,0.3210111826959892,-6.996285246974594,0.15812298814662273,0.055008776023993865,0.5919003115264797,0.648854961832061,0.6728232189973615,0.6606217616580311,0.6086559587467522,762.0
ACTG175,Nonlinear XOR,1,CRE,0.28472758018056954,0.356722074087245,-8.874336511364364,0.11652323256496201,0.05275464726367334,0.5809968847352025,0.643979057591623,0.6490765171503958,0.6465177398160316,0.5859024649618267,1525.0
ACTG175,Nonlinear XOR,1,SCRE,0.10695149182749326,0.11085815715777539,0.046362623271069325,0.21758984860289335,-0.012363875001273134,0.5778816199376947,0.6646341463414634,0.575197889182058,0.6166902404526167,0.6232631399420128,1.0
ACTG175,Nonlinear XOR,1,CISCaRL (direct),0.10598253353746757,0.13661279085745714,-0.44820713198623996,0.01827048909306363,0.07343549495532552,0.6152647975077882,0.6054313099041534,1.0,0.7542288557213931,0.5434503446131003,5.0
ACTG175,Nonlinear XOR,1,CISCaRL (auto),0.10598253353746757,0.13661279085745714,-0.44820713198623996,0.01827048909306363,0.07343549495532552,0.6152647975077882,0.6054313099041534,1.0,0.7542288557213931,0.5434503446131003,5.0
ACTG175,Nonlinear XOR,1,CISCaRL (posthoc),0.10161927909378754,0.12065967771618122,-0.12972379602236628,0.03741126228334482,0.04155143461398431,0.5903426791277259,0.5903426791277259,1.0,0.742409402546523,0.5665399239543727,7.0
ACTG175,Nonlinear XOR,2,Cox T-learner,0.10774067551846228,0.1122837766227129,-0.0035359916879658115,0.0,-0.006665092065752965,0.43302180685358255,0.0,0.0,0.0,,
ACTG175,Nonlinear XOR,2,CSF (RF),0.1166955142616209,0.14086987977801063,-0.5795566921668474,0.0928906787778396,0.03205533087200406,0.5841121495327103,0.6227848101265823,0.6758241758241759,0.6482213438735178,0.587803383666693,
ACTG175,Nonlinear XOR,2,Bo & Ding,0.23880047010090444,0.3057479893454317,-6.440911674341432,0.17766865257346132,0.044186948456239696,0.5981308411214953,0.6417112299465241,0.6593406593406593,0.6504065040650406,0.6114712625503993,289.0
ACTG175,Nonlinear XOR,2,Hybrid,0.2508167088890272,0.31141246818643326,-6.71917564704543,0.1461489261148177,0.03353862881259857,0.5887850467289719,0.638121546961326,0.6346153846153846,0.6363636363636364,0.6062534587714443,758.0
ACTG175,Nonlinear XOR,2,CRE,0.28131114662362977,0.34483643854843243,-8.465100553276907,0.14720043390881057,0.023828670528813135,0.5716510903426791,0.6282420749279539,0.5989010989010989,0.6132208157524613,0.6030516246343585,1467.0
ACTG175,Nonlinear XOR,2,SCRE,0.10772812799548674,0.11519294985255984,-0.05621110546619357,-0.05056336888830179,-0.005324065645306552,0.5186915887850467,0.5907590759075908,0.49175824175824173,0.5367316341829086,0.5360898094711044,1.0
ACTG175,Nonlinear XOR,2,CISCaRL (direct),0.11100687258830344,0.13182186708068222,-0.3831645418327281,0.2147332803370247,0.07256496911813862,0.5669781931464174,0.5669781931464174,1.0,0.7236580516898609,0.6855532057870188,3.0
ACTG175,Nonlinear XOR,2,CISCaRL (auto),0.11100687258830344,0.13182186708068222,-0.3831645418327281,0.2147332803370247,0.07256496911813862,0.5669781931464174,0.5669781931464174,1.0,0.7236580516898609,0.6855532057870188,3.0
ACTG175,Nonlinear XOR,2,CISCaRL (posthoc),0.10039136343229751,0.11457337837165966,-0.04487988386955921,0.24698868175354766,0.034894274036723516,0.5669781931464174,0.5669781931464174,1.0,0.7236580516898609,0.6908648905051783,7.0
