Dataset,DGP,Method,MAE,RMSE,Spearman,Bias,Rules,Details
PBC,AFT-Gumbel,Cox T-learner,0.2232045781322036,0.3083220576831296,-0.00787678578854178,0.03327932883028339,,
PBC,AFT-Gumbel,CSF (RF),0.11563036142914229,0.14468966555273535,0.0637656104912413,-0.019556176439145805,,
PBC,AFT-Gumbel,Bo & Ding,0.34358069835739335,0.42435938075123575,-0.11013766221045136,-0.07461416644589931,162.0,
PBC,AFT-Gumbel,Hybrid,0.3320331961827821,0.4193346701050344,0.039949441768552925,-0.03291884683057299,171.0,
PBC,AFT-Gumbel,CRE,0.32436339404395237,0.40615178270464114,-0.00262559526284726,-0.03692692225467203,260.0,
PBC,AFT-Gumbel,SCRE,0.047931452868011,0.07668479724499047,0.19884238832141415,-0.04280499976942565,1.0,
PBC,AFT-Gumbel,CISCaRL (direct),0.20161294267131186,0.23242646618798807,-0.05008162795135097,0.19913959248757981,1.0,
PBC,AFT-Gumbel,CISCaRL (auto),0.06767763779222984,0.10324718879594275,-0.008097129895042365,0.03398969159841728,2.0,
PBC,AFT-Gumbel,CISCaRL (posthoc),0.06767763779222984,0.10324718879594275,-0.008097129895042365,0.03398969159841728,2.0,
PBC,Cox PH,Cox T-learner,0.227637440598471,0.29904130256212114,0.006126705837603076,0.06594436284512056,,
PBC,Cox PH,CSF (RF),0.12562991371165913,0.15482915663277846,-0.025687197869583536,0.03753232584600474,,
PBC,Cox PH,Bo & Ding,0.38996764668774714,0.495088264767448,0.09230207549573703,0.07451086500751827,197.0,
PBC,Cox PH,Hybrid,0.3891865705498014,0.4739253466815266,0.076250587986735,0.10438814426533478,164.0,
PBC,Cox PH,CRE,0.36320589194516617,0.43980915895911443,0.05053930084125001,0.0839976175976774,270.0,
PBC,Cox PH,SCRE,0.06998715738038348,0.10057815968622284,0.019825474066896453,0.06801311790415544,2.0,
PBC,Cox PH,CISCaRL (direct),0.07800559239657544,0.08919603130855289,-0.11429093100314568,-0.003899257931365455,3.0,
PBC,Cox PH,CISCaRL (auto),0.06211404418594473,0.08198005127029258,-0.0623111319424988,0.019548878194953007,3.0,
PBC,Cox PH,CISCaRL (posthoc),0.06211404418594473,0.08198005127029258,-0.0623111319424988,0.019548878194953007,3.0,
PBC,Non-PH (Crossing),Cox T-learner,0.17760744992654598,0.2468007749577216,0.4164012143120816,0.03316127941602267,,
PBC,Non-PH (Crossing),CSF (RF),0.1277692922857,0.16097979645061147,0.6423771652683689,0.09191206548248024,,
PBC,Non-PH (Crossing),Bo & Ding,0.4270727223958111,0.5092879017825397,0.2239330632240915,0.1512196994484399,162.0,
PBC,Non-PH (Crossing),Hybrid,0.3495023781598323,0.44869960682255955,0.21357799098734587,0.12493746996498789,169.0,
PBC,Non-PH (Crossing),CRE,0.3400072381574883,0.43159220426906947,0.17374168020952932,0.1208848314340817,271.0,
PBC,Non-PH (Crossing),SCRE,0.09031800506831132,0.10879050023562978,0.8426097700921319,0.08116078489231988,1.0,
PBC,Non-PH (Crossing),CISCaRL (direct),0.25773389243487166,0.33558761589343045,-0.14553927243319048,0.2522316087788272,1.0,
PBC,Non-PH (Crossing),CISCaRL (auto),0.128212135006369,0.16914516577661567,0.20828894502582054,0.09446409412325693,3.0,
PBC,Non-PH (Crossing),CISCaRL (posthoc),0.128212135006369,0.16914516577661567,0.20828894502582054,0.09446409412325693,3.0,
PBC,Nonlinear XOR,Cox T-learner,0.22592266751754791,0.2864569214803221,0.17191055882671674,-0.05373485443203955,,
PBC,Nonlinear XOR,CSF (RF),0.17705411984696157,0.21807565496620193,0.2638514611855652,-0.08892741797309486,,
PBC,Nonlinear XOR,Bo & Ding,0.41104865522847234,0.4869280604834456,0.17305205360690676,-0.037881723087721496,177.0,
PBC,Nonlinear XOR,Hybrid,0.4081987066646747,0.5023863901741146,0.19263085648231767,-0.034924023424234056,163.0,
PBC,Nonlinear XOR,CRE,0.40518610036809977,0.4925808051609112,0.1819528230321858,-0.04338381673971661,255.0,
PBC,Nonlinear XOR,SCRE,0.10616705925794284,0.10680381311223884,0.5055738178665607,0.0079174141488201,3.0,
PBC,Nonlinear XOR,CISCaRL (direct),0.23358765874847387,0.2741489213134835,-0.17163957402667335,-0.23357750275602043,1.0,
PBC,Nonlinear XOR,CISCaRL (auto),0.15481205974105056,0.19024334311922914,0.17163957402667335,-0.15295832958842553,1.0,
PBC,Nonlinear XOR,CISCaRL (posthoc),0.15481205974105056,0.19024334311922914,0.17163957402667335,-0.15295832958842553,1.0,
SUPPORT,AFT-Gumbel,Cox T-learner,0.01916700003394123,0.050997242134079926,0.0,-0.01916700003394123,,
SUPPORT,AFT-Gumbel,CSF (RF),0.10874604524177255,0.13410460784968523,0.333566813697119,0.02855338198719192,,
SUPPORT,AFT-Gumbel,Bo & Ding,0.39802851148137086,0.49658079237167563,0.3072321750866903,-0.0003292599431200891,216.0,
SUPPORT,AFT-Gumbel,Hybrid,0.3302986118347966,0.42757455533776156,0.18579055887447588,-0.03256685155404388,229.0,
SUPPORT,AFT-Gumbel,CRE,0.3140296617908206,0.40962063528917597,0.19458196016539725,-0.03197873400202178,364.0,
SUPPORT,AFT-Gumbel,SCRE,0.03602842343319438,0.05566179310498716,-0.05371380014651146,-0.017598736296695006,1.0,
SUPPORT,AFT-Gumbel,CISCaRL (direct),0.08214495417098487,0.09691925574229415,0.20476960434680572,0.022891929163370323,5.0,
SUPPORT,AFT-Gumbel,CISCaRL (auto),0.08214495417098487,0.09691925574229415,0.20476960434680572,0.022891929163370323,5.0,
SUPPORT,AFT-Gumbel,CISCaRL (posthoc),0.062318791166855986,0.0688639995662157,0.1934332617201767,0.015546047791402593,7.0,
SUPPORT,Cox PH,Cox T-learner,0.046676889894112596,0.08289740165933492,0.0,0.046676889894112596,,
SUPPORT,Cox PH,CSF (RF),0.19140979159046093,0.2403413999706742,-0.21190613185025592,0.15810047149854994,,
SUPPORT,Cox PH,Bo & Ding,0.543360091222627,0.6352943295240973,-0.13437522363935778,0.14355010114873248,212.0,
SUPPORT,Cox PH,Hybrid,0.37882429679338236,0.478956311329278,-0.20572372331492592,0.11803926358191191,231.0,
SUPPORT,Cox PH,CRE,0.3558232281549671,0.4512127985373402,-0.22744978263507395,0.10711297127607997,354.0,
SUPPORT,Cox PH,SCRE,0.051864851276967,0.08634981909568108,-0.22546754412130243,0.046765684243857505,1.0,
SUPPORT,Cox PH,CISCaRL (direct),0.08792958566408274,0.1172707516878348,-0.02886695014500432,0.03895077382600243,7.0,
SUPPORT,Cox PH,CISCaRL (auto),0.08792958566408274,0.1172707516878348,-0.02886695014500432,0.03895077382600243,7.0,
SUPPORT,Cox PH,CISCaRL (posthoc),0.13552790625542457,0.15890434822901014,-0.07656437641886603,0.13389890270449942,8.0,
SUPPORT,Non-PH (Crossing),Cox T-learner,0.07168289213476123,0.11645284363185011,0.0,0.061009947630244976,,
SUPPORT,Non-PH (Crossing),CSF (RF),0.13986325386208834,0.1702996799135894,0.22827052241727205,-0.08758479787264538,,
SUPPORT,Non-PH (Crossing),Bo & Ding,0.39645592569587834,0.49026815279957214,0.05307156101459502,-0.07873630620784099,194.0,
SUPPORT,Non-PH (Crossing),Hybrid,0.32943916373536614,0.4103428987847873,0.0009098652756622307,-0.06844334235076564,249.0,
SUPPORT,Non-PH (Crossing),CRE,0.31109725983184533,0.3878678463372849,0.02286403386260896,-0.05615362293489651,385.0,
SUPPORT,Non-PH (Crossing),SCRE,0.07708167264016273,0.1003363414279099,0.519010633631947,0.05608132119140731,1.0,
SUPPORT,Non-PH (Crossing),CISCaRL (direct),0.1458514867124855,0.16659377501193748,0.19371699191124023,-0.1291386801440678,2.0,
SUPPORT,Non-PH (Crossing),CISCaRL (auto),0.1458514867124855,0.16659377501193748,0.19371699191124023,-0.1291386801440678,2.0,
SUPPORT,Non-PH (Crossing),CISCaRL (posthoc),0.12504928487373376,0.14167704017323204,-0.15640209333254418,-0.08961451917172042,8.0,
SUPPORT,Nonlinear XOR,Cox T-learner,0.1054813272065622,0.1107147564788281,0.0,0.03465551216537082,,
SUPPORT,Nonlinear XOR,CSF (RF),0.1141530448976107,0.13612451881862062,0.4038915283190092,0.045363739089604636,,
SUPPORT,Nonlinear XOR,Bo & Ding,0.4103166007751823,0.5175105141286177,0.1922062670154273,-0.05954465317469475,209.0,
SUPPORT,Nonlinear XOR,Hybrid,0.2944315585671324,0.3739863675516575,0.24184060214594566,0.03802755729234293,241.0,
SUPPORT,Nonlinear XOR,CRE,0.2691842092923063,0.3440445271281083,0.24962899695724122,0.037839472792454844,374.0,
SUPPORT,Nonlinear XOR,SCRE,0.1034730778734414,0.10994598717225765,0.08818662253776757,0.03395798729785653,1.0,
SUPPORT,Nonlinear XOR,CISCaRL (direct),0.1630666262560736,0.19322566128418356,0.22409482224510643,-0.1630666262560736,5.0,
SUPPORT,Nonlinear XOR,CISCaRL (auto),0.1630666262560736,0.19322566128418356,0.22409482224510643,-0.1630666262560736,5.0,
SUPPORT,Nonlinear XOR,CISCaRL (posthoc),0.08892063705428925,0.1078378342365645,0.274926395854674,-0.028402576258324964,6.0,
GBSG,AFT-Gumbel,Cox T-learner,0.09483121586690073,0.11555409153075905,-0.03236406488486269,0.015520960535820708,,
GBSG,AFT-Gumbel,CSF (RF),0.14139613458909708,0.17091109465889945,0.07271192701654156,0.020954414965963213,,
GBSG,AFT-Gumbel,Bo & Ding,0.4896095025476097,0.6297496425487145,0.09518397179043651,-0.032342308232165363,257.0,
GBSG,AFT-Gumbel,Hybrid,0.5032208761933366,0.6393993093342639,-0.035195775479631895,-0.08625167454617155,355.0,
GBSG,AFT-Gumbel,CRE,0.4975298018315806,0.6310230622818682,-0.0722243775433764,-0.06917916239360536,623.0,
GBSG,AFT-Gumbel,SCRE,0.09215711144129814,0.11801851966027287,0.125048756422442,-0.0892733906821794,1.0,
GBSG,AFT-Gumbel,CISCaRL (direct),0.08291166443854647,0.10774009421386627,-0.047295299213665154,-0.07129058254550165,4.0,
GBSG,AFT-Gumbel,CISCaRL (auto),0.08291166443854647,0.10774009421386627,-0.047295299213665154,-0.07129058254550165,4.0,
GBSG,AFT-Gumbel,CISCaRL (posthoc),0.07098933692421477,0.07721238988502793,0.140564619231868,-0.016168110704470794,8.0,
GBSG,Cox PH,Cox T-learner,0.3461355837406334,0.37089318595441545,-0.573777682493237,0.3461355837406334,,
GBSG,Cox PH,CSF (RF),0.38282643796134924,0.4249902572113644,-0.02613842022092838,0.3653428238824262,,
GBSG,Cox PH,Bo & Ding,0.5891455777453993,0.7405042551842542,-0.0725198125519827,0.28998643589987816,276.0,
GBSG,Cox PH,Hybrid,0.6060718206638888,0.7378040627496931,0.03212584896349569,0.3026840523999268,336.0,
GBSG,Cox PH,CRE,0.5979642495736712,0.7360916246713192,0.02259891680035866,0.2922072174552729,633.0,
GBSG,Cox PH,SCRE,0.15445553005947768,0.19192737724064823,-0.7815646377463713,0.15409319575126096,1.0,
GBSG,Cox PH,CISCaRL (direct),0.3257969817098459,0.3386026364344156,-0.07850384977979823,0.3257969817098459,2.0,
GBSG,Cox PH,CISCaRL (auto),0.3257969817098459,0.3386026364344156,-0.07850384977979823,0.3257969817098459,2.0,
GBSG,Cox PH,CISCaRL (posthoc),0.2958803478236134,0.3153310627649304,-0.035106456216861176,0.2958803478236134,6.0,
GBSG,Non-PH (Crossing),Cox T-learner,0.09971906461057456,0.1401793304636667,0.6740784008143127,0.0017426347711704605,,
GBSG,Non-PH (Crossing),CSF (RF),0.1147411700651549,0.14990446997379311,0.5003404433043708,0.01858850970184962,,
GBSG,Non-PH (Crossing),Bo & Ding,0.5119889140130766,0.6885348027029687,0.20778029869643927,0.044076962925383704,229.0,
GBSG,Non-PH (Crossing),Hybrid,0.4743770245511618,0.6004794441211442,0.19984364318818187,0.08282762908699794,369.0,
GBSG,Non-PH (Crossing),CRE,0.44896063356486193,0.5813357504821135,0.18807089457501544,0.09063952934644268,659.0,
GBSG,Non-PH (Crossing),SCRE,0.07676829559988997,0.10134799315299862,0.6943629180580689,0.03815845886584257,1.0,
GBSG,Non-PH (Crossing),CISCaRL (direct),0.1363427867713047,0.16973143075576502,0.30149973912730504,-0.11739857024072257,3.0,
GBSG,Non-PH (Crossing),CISCaRL (auto),0.1363427867713047,0.16973143075576502,0.30149973912730504,-0.11739857024072257,3.0,
GBSG,Non-PH (Crossing),CISCaRL (posthoc),0.1157119573519801,0.13087829155343159,0.2582722706608717,-0.031309772332839644,7.0,
GBSG,Nonlinear XOR,Cox T-learner,0.08851184940507571,0.11245738913622857,0.14915328459562321,0.012550863724717212,,
GBSG,Nonlinear XOR,CSF (RF),0.12860476088351575,0.15707809521301505,0.29101586631292,-0.010484926500736052,,
GBSG,Nonlinear XOR,Bo & Ding,0.5469844240781392,0.6794178443394265,0.0811511101494449,-0.13220249370919654,273.0,
GBSG,Nonlinear XOR,Hybrid,0.37511776495945803,0.45283630556053556,0.0914474605427582,-0.007515196699326761,215.0,
GBSG,Nonlinear XOR,CRE,0.4741207391950447,0.5805353761499656,0.10071424453450026,-0.011649368517369977,626.0,
GBSG,Nonlinear XOR,SCRE,0.1039109902178955,0.10996244507835067,0.3485198953510771,-0.08129402381365249,2.0,
GBSG,Nonlinear XOR,CISCaRL (direct),0.08996841386287881,0.10250003501558545,0.0014709178340917967,-0.06030030750565708,3.0,
GBSG,Nonlinear XOR,CISCaRL (auto),0.08996841386287881,0.10250003501558545,0.0014709178340917967,-0.06030030750565708,3.0,
GBSG,Nonlinear XOR,CISCaRL (posthoc),0.04760929755043048,0.07542522279930061,0.12573243100774534,-0.003631351403290079,8.0,
ACTG175,AFT-Gumbel,Cox T-learner,0.04542628866887773,0.08464957703815695,0.0,-0.04542628866887773,,
ACTG175,AFT-Gumbel,CSF (RF),0.054953090647831236,0.06897861137349538,0.6068380604597031,-0.005604179806949861,,
ACTG175,AFT-Gumbel,Bo & Ding,0.21696793284677887,0.2723719949070912,0.2692030881717595,0.009550226854696673,258.0,
ACTG175,AFT-Gumbel,Hybrid,0.22039746313452396,0.2827176477613543,0.3111606964186938,-0.010307270937758866,719.0,
ACTG175,AFT-Gumbel,CRE,0.2448082372466469,0.3147931079709031,0.2777208657241957,-0.013624809321603941,1456.0,
ACTG175,AFT-Gumbel,SCRE,0.06989805777247028,0.09525765794445584,0.229099846652481,-0.04501794676169636,2.0,
ACTG175,AFT-Gumbel,CISCaRL (direct),0.05191395088419719,0.06629254535833869,0.3838719337131871,7.954189680517204e-05,2.0,
ACTG175,AFT-Gumbel,CISCaRL (auto),0.05191395088419719,0.06629254535833869,0.3838719337131871,7.954189680517204e-05,2.0,
ACTG175,AFT-Gumbel,CISCaRL (posthoc),0.055652666629863394,0.06751535679259366,0.33812920955501286,0.005223923404543594,9.0,
ACTG175,Cox PH,Cox T-learner,0.10721866072805625,0.13964159849820082,0.0,0.10721866072805625,,
ACTG175,Cox PH,CSF (RF),0.2646457216602601,0.30636734926124504,-0.5776462291107731,0.2642563682184203,,
ACTG175,Cox PH,Bo & Ding,0.34259134082944487,0.42561165957839325,-0.205226109308509,0.2697750103924756,244.0,
ACTG175,Cox PH,Hybrid,0.33801355947634076,0.40589623098445576,-0.16858376597466598,0.25809960428955747,737.0,
ACTG175,Cox PH,CRE,0.35638609085317524,0.4309593184708446,-0.17310448547740837,0.25642956804019357,1454.0,
ACTG175,Cox PH,SCRE,0.12921304587040547,0.16758044358299826,-0.47652223463179044,0.11060236746207208,1.0,
ACTG175,Cox PH,CISCaRL (direct),0.28481354420168337,0.31614918525866637,-0.05630913633912634,0.28481354420168337,6.0,
ACTG175,Cox PH,CISCaRL (auto),0.28481354420168337,0.31614918525866637,-0.05630913633912634,0.28481354420168337,6.0,
ACTG175,Cox PH,CISCaRL (posthoc),0.2697471877305282,0.2986000097315695,-0.2048944471919264,0.2697471877305282,8.0,
ACTG175,Non-PH (Crossing),Cox T-learner,0.11501672014010046,0.14221451173220528,0.0,0.08177100352879944,,
ACTG175,Non-PH (Crossing),CSF (RF),0.1066408853898026,0.13050134463623858,0.7222903031790833,-0.0907032632707578,,
ACTG175,Non-PH (Crossing),Bo & Ding,0.22287676626366545,0.2877611092705945,0.3828837925520171,-0.08500441090902001,267.0,
ACTG175,Non-PH (Crossing),Hybrid,0.2224521359015995,0.2805382309737347,0.35841920592255444,-0.08288027574612428,727.0,
ACTG175,Non-PH (Crossing),CRE,0.25985480417978174,0.3302714461154347,0.3066825309818433,-0.08504179968525276,1546.0,
ACTG175,Non-PH (Crossing),SCRE,0.08730858377167303,0.103050030041481,0.7480598067769147,0.06604701224633061,1.0,
ACTG175,Non-PH (Crossing),CISCaRL (direct),0.06957839570639614,0.09895341238008304,0.7069442218009024,-0.05926802159634218,7.0,
ACTG175,Non-PH (Crossing),CISCaRL (auto),0.06957839570639614,0.09895341238008304,0.7069442218009024,-0.05926802159634218,7.0,
ACTG175,Non-PH (Crossing),CISCaRL (posthoc),0.06704130040418338,0.09456137382424405,0.6699744270671417,-0.049690334741316795,10.0,
ACTG175,Nonlinear XOR,Cox T-learner,0.10701532316972569,0.11197739087060166,0.0,-0.011610258465938937,,
ACTG175,Nonlinear XOR,CSF (RF),0.09299854409630928,0.1051669833921402,0.37761972924576337,-0.010067793506930708,,
ACTG175,Nonlinear XOR,Bo & Ding,0.21426524491986576,0.2727681019826672,0.2838067026939217,-0.0045916556953948745,284.0,
ACTG175,Nonlinear XOR,Hybrid,0.21930371275603974,0.2858657191282334,0.29456659939561464,-0.00964297672289657,733.0,
ACTG175,Nonlinear XOR,CRE,0.2555371821301618,0.3274776822166193,0.25484106440307147,-0.020265812126336356,1471.0,
ACTG175,Nonlinear XOR,SCRE,0.1052530630080692,0.10998174215245315,0.09899898376317097,-0.010358373217594967,1.0,
ACTG175,Nonlinear XOR,CISCaRL (direct),0.10422963664318133,0.116306546202802,0.01967953789073765,-0.006434439361350236,7.0,
ACTG175,Nonlinear XOR,CISCaRL (auto),0.10422963664318133,0.116306546202802,0.01967953789073765,-0.006434439361350236,7.0,
ACTG175,Nonlinear XOR,CISCaRL (posthoc),0.10633855637224868,0.11249413774011882,0.053580794695820604,-0.014281771669198163,8.0,
SYNTH-PBC,AFT-Gumbel,Cox T-learner,0.2232045781322036,0.3083220576831296,-0.00787678578854178,0.03327932883028339,,
SYNTH-PBC,AFT-Gumbel,CSF (RF),0.11563036142914229,0.14468966555273535,0.0637656104912413,-0.019556176439145805,,
SYNTH-PBC,AFT-Gumbel,Bo & Ding,0.34358069835739335,0.42435938075123575,-0.11013766221045136,-0.07461416644589931,162.0,
SYNTH-PBC,AFT-Gumbel,Hybrid,0.3320331961827821,0.4193346701050344,0.039949441768552925,-0.03291884683057299,171.0,
SYNTH-PBC,AFT-Gumbel,CRE,0.32436339404395237,0.40615178270464114,-0.00262559526284726,-0.03692692225467203,260.0,
SYNTH-PBC,AFT-Gumbel,SCRE,0.047931452868011,0.07668479724499047,0.19884238832141415,-0.04280499976942565,1.0,
SYNTH-PBC,AFT-Gumbel,CISCaRL (direct),0.20161294267131186,0.23242646618798807,-0.05008162795135097,0.19913959248757981,1.0,
SYNTH-PBC,AFT-Gumbel,CISCaRL (auto),0.06767763779222984,0.10324718879594275,-0.008097129895042365,0.03398969159841728,2.0,
SYNTH-PBC,AFT-Gumbel,CISCaRL (posthoc),0.06767763779222984,0.10324718879594275,-0.008097129895042365,0.03398969159841728,2.0,
SYNTH-PBC,Cox PH,Cox T-learner,0.227637440598471,0.29904130256212114,0.006126705837603076,0.06594436284512056,,
SYNTH-PBC,Cox PH,CSF (RF),0.12562991371165913,0.15482915663277846,-0.025687197869583536,0.03753232584600474,,
SYNTH-PBC,Cox PH,Bo & Ding,0.38996764668774714,0.495088264767448,0.09230207549573703,0.07451086500751827,197.0,
SYNTH-PBC,Cox PH,Hybrid,0.3891865705498014,0.4739253466815266,0.076250587986735,0.10438814426533478,164.0,
SYNTH-PBC,Cox PH,CRE,0.36320589194516617,0.43980915895911443,0.05053930084125001,0.0839976175976774,270.0,
SYNTH-PBC,Cox PH,SCRE,0.06998715738038348,0.10057815968622284,0.019825474066896453,0.06801311790415544,2.0,
SYNTH-PBC,Cox PH,CISCaRL (direct),0.07800559239657544,0.08919603130855289,-0.11429093100314568,-0.003899257931365455,3.0,
SYNTH-PBC,Cox PH,CISCaRL (auto),0.06211404418594473,0.08198005127029258,-0.0623111319424988,0.019548878194953007,3.0,
SYNTH-PBC,Cox PH,CISCaRL (posthoc),0.06211404418594473,0.08198005127029258,-0.0623111319424988,0.019548878194953007,3.0,
SYNTH-PBC,Non-PH (Crossing),Cox T-learner,0.17760744992654598,0.2468007749577216,0.4164012143120816,0.03316127941602267,,
SYNTH-PBC,Non-PH (Crossing),CSF (RF),0.1277692922857,0.16097979645061147,0.6423771652683689,0.09191206548248024,,
SYNTH-PBC,Non-PH (Crossing),Bo & Ding,0.4270727223958111,0.5092879017825397,0.2239330632240915,0.1512196994484399,162.0,
SYNTH-PBC,Non-PH (Crossing),Hybrid,0.3495023781598323,0.44869960682255955,0.21357799098734587,0.12493746996498789,169.0,
SYNTH-PBC,Non-PH (Crossing),CRE,0.3400072381574883,0.43159220426906947,0.17374168020952932,0.1208848314340817,271.0,
SYNTH-PBC,Non-PH (Crossing),SCRE,0.09031800506831132,0.10879050023562978,0.8426097700921319,0.08116078489231988,1.0,
SYNTH-PBC,Non-PH (Crossing),CISCaRL (direct),0.25773389243487166,0.33558761589343045,-0.14553927243319048,0.2522316087788272,1.0,
SYNTH-PBC,Non-PH (Crossing),CISCaRL (auto),0.128212135006369,0.16914516577661567,0.20828894502582054,0.09446409412325693,3.0,
SYNTH-PBC,Non-PH (Crossing),CISCaRL (posthoc),0.128212135006369,0.16914516577661567,0.20828894502582054,0.09446409412325693,3.0,
SYNTH-PBC,Nonlinear XOR,Cox T-learner,0.22592266751754791,0.2864569214803221,0.17191055882671674,-0.05373485443203955,,
SYNTH-PBC,Nonlinear XOR,CSF (RF),0.17705411984696157,0.21807565496620193,0.2638514611855652,-0.08892741797309486,,
SYNTH-PBC,Nonlinear XOR,Bo & Ding,0.41104865522847234,0.4869280604834456,0.17305205360690676,-0.037881723087721496,177.0,
SYNTH-PBC,Nonlinear XOR,Hybrid,0.4081987066646747,0.5023863901741146,0.19263085648231767,-0.034924023424234056,163.0,
SYNTH-PBC,Nonlinear XOR,CRE,0.40518610036809977,0.4925808051609112,0.1819528230321858,-0.04338381673971661,255.0,
SYNTH-PBC,Nonlinear XOR,SCRE,0.10616705925794284,0.10680381311223884,0.5055738178665607,0.0079174141488201,3.0,
SYNTH-PBC,Nonlinear XOR,CISCaRL (direct),0.23358765874847387,0.2741489213134835,-0.17163957402667335,-0.23357750275602043,1.0,
SYNTH-PBC,Nonlinear XOR,CISCaRL (auto),0.15481205974105056,0.19024334311922914,0.17163957402667335,-0.15295832958842553,1.0,
SYNTH-PBC,Nonlinear XOR,CISCaRL (posthoc),0.15481205974105056,0.19024334311922914,0.17163957402667335,-0.15295832958842553,1.0,
ABLATION,PBC,Ablation,,,,,,"{""CSF-only/Lasso1se"": 175, ""CSF-only/Lasso_alpha"": 0, ""CSF-only/Stability"": 8, ""GBM-only/Lasso1se"": 88, ""GBM-only/Lasso_alpha"": 0, ""GBM-only/Stability"": 3, ""CSF+GBM/Lasso1se"": 180, ""CSF+GBM/Lasso_alpha"": 0, ""CSF+GBM/Stability"": 3}"
