"V1","V2","V3","V4","V5","V6","V7"
1,-0.032449926909548,0.0614420236902335,0.0748764162483442,0.0831475948297976,0.566666666666667,0
2,-0.0129506306500482,0.0270719191785256,0.0349552864336989,0.337947316371901,0.698333333333333,0
3,-0.0129166380092633,0.0280456235470037,0.0359550365184434,0.245164882754905,0.731666666666667,0
4,-0.0131731963745192,0.0276617173876241,0.0356234212314595,0.311130960325013,0.73,9
1,-0.00206618237975267,0.0849261779261916,0.10728662351989,0.140870285194395,0.531666666666667,0
2,0.00720779860969214,0.0281074795052654,0.034185388091885,0.280486325778196,0.433333333333333,0
3,0.00783126682908088,0.0282000191387089,0.0343090467958334,0.260217144953093,0.265,0
4,0.00769075377316696,0.0280995293286759,0.0341813680078759,0.266508162822486,0.33,7
1,-0.0483095042894803,0.0650374021420065,0.0813284723617581,0.397757208842546,0.72,0
2,-0.0312253122767801,0.038172186838797,0.0481325940120279,0.0199402077363315,0.733333333333333,0
3,-0.0310392064333978,0.038179422772238,0.0472427285544972,-0.0460568757640115,0.738333333333333,0
4,-0.0311958728596958,0.0383519962918528,0.0474618312321045,-0.0520405707316667,0.738333333333333,9
1,-0.0449507896247762,0.0694341120264993,0.0865368495215735,-0.258342164264466,0.578333333333333,0
2,-0.0273445788331989,0.0337780121747411,0.0414651317014434,0.184971612307527,0.766666666666667,0
3,-0.0271353044609654,0.0334138043643249,0.0407462735652583,0.302022887748649,0.771666666666667,0
4,-0.0270873683212782,0.0327750028184989,0.0403114241953315,0.390933758057919,0.771666666666667,6
1,0.0269220086526979,0.0638732446136669,0.0805036135416912,0.0754489417140558,0.46,0
2,0.0180779317909543,0.0321561983383726,0.0368590284067378,0.283948693745585,0.245,0
3,0.0175455138771101,0.0323358473787288,0.036449134753043,0.445016461751745,0.241666666666667,0
4,0.0175179719072561,0.0323217625681145,0.0365772714279162,0.367271818461016,0.241666666666667,7
1,-0.0128058538420939,0.0455025970027407,0.0569767174515453,0.312712011322861,0.653333333333333,0
2,-0.0104223097639612,0.0310788543991287,0.0394254402859261,-0.0738934785645103,0.585,0
3,-0.00971604153769941,0.028833553890462,0.0373563345993149,-0.0748604530458113,0.64,0
4,-0.00968080817415588,0.0300099653421296,0.0385764448863597,-0.126499768978887,0.598333333333333,6
1,0.028955710801366,0.0707439843469889,0.0882943258374476,-0.270717557125065,0.333333333333333,0
2,0.0259332428734836,0.0391009398381357,0.0447807654595427,-0.0748187182046852,0.253333333333333,0
3,0.0259172406169423,0.0385432114525921,0.0434444961160881,-0.0416890158617221,0.253333333333333,0
4,0.0257082613840824,0.038601851272842,0.0435197639714676,-0.0588898737080243,0.253333333333333,7
1,0.0239288262098203,0.0660949438586806,0.0830696411763624,-0.108147793237339,0.411666666666667,0
2,0.00465396555081741,0.0296087693526823,0.0368311807992592,-0.00947163573129848,0.403333333333333,0
3,0.0047335885671208,0.0277852224943625,0.035374061394738,-0.0395667902743152,0.305,0
4,0.00487860482411761,0.028413541345379,0.0358758322881002,-0.0291103493550733,0.31,7
1,0.00939014292672518,0.0332482794248779,0.0417197078249824,0.521600100022373,0.596666666666667,0
2,0.0123601420743029,0.0271605703849953,0.0331772965800456,0.407432259830288,0.371666666666667,0
3,0.0122281342784767,0.0281088989027716,0.0332345804982411,0.488357809260215,0.251666666666667,0
4,0.0119978764067304,0.0275094944127093,0.0330935390054128,0.45698878937429,0.271666666666667,10
1,0.0128152807007466,0.0491476370430485,0.061919678249857,0.546833067882121,0.606666666666667,0
2,-0.000961536992757084,0.0252684079491247,0.0328438905959291,0.179398670933021,0.476666666666667,0
3,-0.000553190116645285,0.0241268520010011,0.0330122546899959,0.0954669659485889,0.383333333333333,0
4,-0.000587744281992571,0.0242079189513541,0.0331063453159222,0.0519515011236184,0.346666666666667,8
1,-0.0113156452167226,0.0461067173854659,0.0582455257526363,0.399689376857497,0.661666666666667,0
2,-0.00573436289156643,0.0278905913411635,0.0366406455394664,-0.0377643023428001,0.548333333333333,0
3,-0.00595445281051045,0.0262514355869584,0.0355919223665929,-0.0500538088010487,0.606666666666667,0
4,-0.00598461076637944,0.0263922257214124,0.0356544221583759,-0.0410644513822885,0.62,6
1,0.0248667360115594,0.0633491888140646,0.0791047976089783,0.472336063433294,0.553333333333333,0
2,0.0154752089941299,0.0307426445482622,0.0360307449721191,0.405987879319449,0.29,0
3,0.0149936136687497,0.0311291838083863,0.0357926200754605,0.561318012676665,0.271666666666667,0
4,0.0149279768990711,0.0301591673552784,0.0347592871231855,0.535187991200567,0.273333333333333,7
1,-0.050690753968014,0.0700516314785402,0.0890501843972696,0.605193783470931,0.77,0
2,-0.00649617606753086,0.0252905551251058,0.0324358475878577,0.289786083905529,0.64,0
3,-0.0068435250272096,0.0242018313332272,0.0325497062586189,0.292651228259411,0.661666666666667,0
4,-0.00698688839107554,0.0259692070754941,0.034786996722147,0.00810968585746095,0.605,8
1,-0.0225585279579366,0.0541871154660163,0.0678547901332243,0.352738462029534,0.656666666666667,0
2,0.0078320712759369,0.0295053724545038,0.0356110437199874,0.199651041536536,0.391666666666667,0
3,0.00854360986351978,0.0296347981777277,0.0353812092648172,0.180958100554978,0.275,0
4,0.00829563953395011,0.02990066251769,0.0357443279166148,0.153299978243706,0.296666666666667,12
1,-0.0241304878962623,0.0591482392357157,0.0734600279354659,-0.182953100509497,0.543333333333333,0
2,-0.0235836476765806,0.034284432778629,0.0435334575546664,-0.208869458890114,0.77,0
3,-0.0233849222792369,0.0329777733152043,0.0409291925700408,-0.164974406364804,0.788333333333333,0
4,-0.0235037338089023,0.0331663562983835,0.0412406486566582,-0.11856212384591,0.788333333333333,9
1,0.0216073889333848,0.0534317713829154,0.0669171662341914,0.2106479064428,0.5,0
2,0.001540870291311,0.0277811210166012,0.0346267537208036,0.0987391446257857,0.403333333333333,0
3,0.00167992506226233,0.0271737381528649,0.0344239269757833,0.0829708225359679,0.346666666666667,0
4,0.00170692318623175,0.0274417306392898,0.0347928807098717,-0.0038497567964197,0.328333333333333,8
1,-0.0423397953883894,0.0782453887960138,0.0972199813856756,0.214221222030326,0.623333333333333,0
2,-0.0245904305288041,0.0340914575681336,0.0427850611134718,0.121208520757043,0.708333333333333,0
3,-0.0243621528803991,0.0340009681477561,0.0420984696940177,0.158695991509732,0.718333333333333,0
4,-0.0242368120446729,0.0337619355126696,0.0419045566945945,0.187728171620279,0.72,7
1,0.0520542542879413,0.0803427497770882,0.102026527620872,0.171269916159384,0.441666666666667,0
2,0.0110448190844172,0.0335205178098392,0.0390282842267641,-0.0334559888520193,0.318333333333333,0
3,0.0106797737346022,0.0326055451699647,0.0371888238060373,0.00590955590296571,0.29,0
4,0.0109088061401998,0.0326340761626166,0.0371841321662912,0.0463865191718197,0.3,6
1,0.0125227130700011,0.0849176675585216,0.107258977880463,0.15831100106441,0.506666666666667,0
2,-0.000717971735488869,0.0255797287769012,0.0329573010381143,0.254925749328548,0.535,0
3,-0.000695283420426606,0.0243677822632916,0.0328911751252071,0.217752058342293,0.455,0
4,-0.000507700245106489,0.0259625417454866,0.0346600049126563,0.00348558159870407,0.393333333333333,8
1,0.00114679471315442,0.0493394224918509,0.0619664654647538,0.412372175180128,0.62,0
2,-0.000221392866508519,0.0264882338784756,0.033931651004518,0.235658884416339,0.528333333333333,0
3,5.78327308135345e-05,0.0259150120719154,0.0343827473336176,0.168890607637444,0.505,0
4,7.81647272563078e-05,0.0261326250768069,0.0344051231703543,0.15701857574342,0.496666666666667,7
1,0.00669018579857784,0.0575002804992344,0.0723462943464297,-0.129794689096504,0.435,0
2,-0.00405188919233604,0.0269124900900371,0.0339968482018749,0.0179915779561147,0.55,0
3,-0.00409258951339002,0.0243356100798488,0.0323891419343725,-0.00396035115929257,0.595,0
4,-0.0041728019518799,0.0248974687166212,0.0327211822280758,0.00969878352590247,0.543333333333333,9
1,-0.00177666760044401,0.0731864654137274,0.0935708209909296,0.396740741954205,0.618333333333333,0
2,-0.0134785597670845,0.0271169872201858,0.0351849062740626,0.319924255827715,0.7,0
3,-0.0128335973886622,0.0271102642465572,0.034933427035546,0.35812643818857,0.751666666666667,0
4,-0.0128186056768396,0.0271011539774205,0.0348527449504091,0.355735671116463,0.735,8
1,0.00890476112663943,0.0658411220162142,0.0823849926398151,0.0840386356580671,0.493333333333333,0
2,0.00530778620060144,0.0298462549599318,0.0371188995950383,0.0665273328776182,0.393333333333333,0
3,0.00596817883566624,0.0286290539669266,0.035553196721418,0.0294770667987909,0.31,0
4,0.00587562812949388,0.0291263691151181,0.0364300850952196,0.00641680663787484,0.345,9
1,0.0145465943757376,0.0522827144707214,0.0664960471719159,0.580696156338051,0.578333333333333,0
2,0.0056089458131496,0.0252014953110876,0.0316019989520917,0.358167710173941,0.441666666666667,0
3,0.00563136721434883,0.0250911244787768,0.0317934063875985,0.464223584529083,0.295,0
4,0.00573028421099194,0.0251699124464824,0.0318904494592424,0.427257638300383,0.315,7
1,0.0426434485053749,0.0723799716615604,0.0903994780427991,0.165521008795411,0.445,0
2,0.0280524020328004,0.0410842185041406,0.0470969887417735,-0.0823813551695167,0.27,0
3,0.0284296507517519,0.0400807136656272,0.0454807223151421,0.020469507349384,0.271666666666667,0
4,0.0283339458697596,0.040058753805077,0.0456984293280352,0.0202226909539177,0.271666666666667,9
1,-0.0386524246840569,0.0830107267307314,0.105593571000766,0.56001321642793,0.741666666666667,0
2,-0.0154730832606914,0.026990738662777,0.0343598116000102,0.329490341427032,0.741666666666667,0
3,-0.0158894008859834,0.0277510903846889,0.0348510932803708,0.325239546463983,0.768333333333333,0
4,-0.0158993004028664,0.0271126236220039,0.03430696383467,0.377090186000804,0.763333333333333,10
1,0.0107864839501227,0.0610187611020097,0.0783453663277858,0.273093139642337,0.581666666666667,0
2,-0.00634427343562978,0.0260775239344852,0.0335411302023938,0.216606556675093,0.56,0
3,-0.00663449934601593,0.0248750268372232,0.0338882339149061,0.19820561536517,0.535,0
4,-0.00682018008769244,0.0254566549156299,0.0345003244716808,0.045503838010336,0.498333333333333,7
1,-0.0241040322248017,0.069204346101302,0.087079031836546,0.21102078272283,0.593333333333333,0
2,-0.0161447588024955,0.0292557147325683,0.0374770440335047,0.179437365056369,0.71,0
3,-0.015864907589308,0.0289853258618046,0.0372740370177208,0.17369297625344,0.725,0
4,-0.0157960353194298,0.0290930385042499,0.0373612246242956,0.158767343403228,0.723333333333333,9
1,0.00610210002255865,0.0744134643695794,0.0928102466710916,0.0582418230653574,0.493333333333333,0
2,-0.0100300061723734,0.0296941991829706,0.0376633417164804,0.0845445933560247,0.54,0
3,-0.00983558710329466,0.0281053655241106,0.0364467400475699,0.0978545004299536,0.518333333333333,0
4,-0.00960737895358887,0.0281767490893542,0.0368108154480079,0.0489947303470669,0.555,6
1,0.0378520476690998,0.0728020821472653,0.0911651994590954,-0.0135347553288721,0.45,0
2,0.0144144548666192,0.0313884359789322,0.0366153725454098,0.108750484502644,0.28,0
3,0.0145352439788477,0.0311137892536183,0.0358572505424005,0.168594171583418,0.253333333333333,0
4,0.0145215961557343,0.0314929763762206,0.0363930829712822,0.0587177075539479,0.253333333333333,5
1,0.00949734389284546,0.0673207682419544,0.0856583476362522,0.537457640115244,0.625,0
2,0.00464789129188411,0.0255940369015498,0.0306261314872412,0.474764608892974,0.485,0
3,0.00422598413980016,0.0251380109843339,0.030849440670289,0.538329418748524,0.378333333333333,0
4,0.00406620843114635,0.0258151885531492,0.0317721403661367,0.413163443403092,0.4,8
1,-0.0323813943679222,0.0548494831503996,0.0702172380822881,0.184431565458955,0.616666666666667,0
2,-0.01715375659374,0.0295151358519728,0.0378549190535662,0.320967063266788,0.716666666666667,0
3,-0.0178228066307215,0.0303249311290621,0.0383588609458413,0.383757664594109,0.725,0
4,-0.0177223235963187,0.0306811898784315,0.039118552795568,0.225468338679655,0.72,8
1,0.000799630811510328,0.0793442785454509,0.0980888807034295,0.0339427968007117,0.503333333333333,0
2,0.0085161398786071,0.029753068933219,0.03693103508334,-0.00750847366072884,0.326666666666667,0
3,0.00802414282960763,0.0289473651800967,0.0354445513104427,-0.0519383678798782,0.245,0
4,0.00800761133300134,0.0289779594427465,0.0354448590607326,-0.0527947583118326,0.261666666666667,6
1,0.0120955765659272,0.0639024234877883,0.0805488999211578,0.420027883615535,0.588333333333333,0
2,0.003020504784219,0.0252553222200882,0.0314506988802518,0.38032453050698,0.445,0
3,0.0030427494292037,0.0254350261295531,0.0319461953603802,0.483982138267151,0.321666666666667,0
4,0.00299126004187109,0.0247734455938591,0.0312690866669324,0.56160297775767,0.33,7
1,-0.0192916098794399,0.0592826739564012,0.0743438275482395,0.350565927356138,0.651666666666667,0
2,-0.018170489377219,0.031418182215939,0.0402859639550346,0.039398185333393,0.728333333333333,0
3,-0.0182430001431953,0.0313400097885315,0.0395276831096219,0.0707188667589335,0.746666666666667,0
4,-0.0182166420977968,0.0315240531978594,0.0397260075735344,0.0256839174284103,0.746666666666667,7
1,-0.0205643115943994,0.0368811004203113,0.0465504144125845,0.495428126470963,0.716666666666667,0
2,-0.000226419750587952,0.0250111627631782,0.0326500461604043,0.134862374308002,0.5,0
3,-0.000226469745180899,0.0230871538829764,0.0325551080449339,0.0972134419670851,0.393333333333333,0
4,-4.46560733885864e-05,0.0234213509804281,0.032784980134134,0.01392447659362,0.358333333333333,8
1,-0.0046419069076941,0.0732746352236711,0.0938409780370336,0.446936264570405,0.636666666666667,0
2,-0.00162901090739652,0.0249205048251367,0.0324699727025562,0.176198620131645,0.556666666666667,0
3,-0.00142774199149171,0.0232496033622766,0.0324685350770585,0.147851266430268,0.531666666666667,0
4,-0.00141833494959752,0.0241047546457695,0.03310754860652,-0.0277517725012405,0.483333333333333,7
1,-0.0221657859465671,0.0776028394532116,0.0985939586359555,0.268309178082608,0.63,0
2,-0.0154882562379721,0.0303310204425123,0.0391039392034349,0.0355881855022499,0.653333333333333,0
3,-0.0152460915193744,0.029062105015807,0.0376390680849032,0.00160610411171232,0.74,0
4,-0.0151254242478271,0.029073325346552,0.0379787075748045,0.0243058690206009,0.708333333333333,8
1,0.0492413350528097,0.0686631763718196,0.0860234369785901,0.30285526414865,0.453333333333333,0
2,0.0258027722441584,0.0372908565986735,0.0428238351607111,0.0881015143030996,0.248333333333333,0
3,0.025459424992959,0.0376439181956337,0.0424662114071449,-0.00829991254661546,0.246666666666667,0
4,0.025537323334306,0.0375427873223823,0.0423957279271382,0.0346215834633716,0.246666666666667,4
1,0.0645093186613596,0.0665352297520372,0.0771978191411312,0.415036373457822,0.3,0
2,0.0151652370600424,0.0325519087711367,0.0384644678077232,0.0409429622319918,0.263333333333333,0
3,0.014396236623683,0.0323736765581736,0.0374551302123228,0.0205526671607636,0.235,0
4,0.0143367496231922,0.0322136724187651,0.0374124379167016,0.0289924419628373,0.236666666666667,5
1,0.036252235817174,0.0565406609191749,0.0695380068074276,0.310327639163784,0.455,0
2,0.0202913372851025,0.0353684239487636,0.0406150350428856,-0.0591707969171975,0.253333333333333,0
3,0.0199965509638937,0.0349082649741208,0.0394017251077138,-0.0595771432323528,0.25,0
4,0.0199150059018211,0.0346840988215014,0.0393150022478837,-0.00381365569810195,0.251666666666667,6
1,-0.0247034908366881,0.073572329731969,0.0915291724431586,0.270472788240039,0.625,0
2,-0.00419682105924058,0.0269485338576679,0.0339283429819185,0.266517748315718,0.583333333333333,0
3,-0.00464728741336342,0.0255765229901099,0.0331218928290188,0.339924634882551,0.645,0
4,-0.00467148625957049,0.0258545818993056,0.0333409530503418,0.32243476203701,0.671666666666667,10
1,0.008554777170108,0.0748301658533846,0.0932418737489923,0.307721493933332,0.53,0
2,0.0142837181905004,0.032280896581984,0.0381480688762496,0.0914367464023464,0.323333333333333,0
3,0.0145763303990584,0.0316450726799095,0.0369071667678316,0.0911618986824869,0.261666666666667,0
4,0.0149599130855376,0.0319083929310205,0.0371416996139484,0.114844420469216,0.283333333333333,10
1,0.00706244687829974,0.0678017281363456,0.0863245956855803,0.545481529701332,0.621666666666667,0
2,-0.0179988679870854,0.0282581791160531,0.0367674113311678,0.350204998304168,0.755,0
3,-0.0175731156511143,0.0291476898439349,0.0372852139669186,0.325148084110878,0.77,0
4,-0.0172214716755416,0.0294893827191105,0.0375859717651579,0.239780838909171,0.771666666666667,5
1,0.0321407933724184,0.0695626097631738,0.0912567827899018,0.563597398192545,0.595,0
2,0.00878667654384188,0.0262340292276473,0.0302566721107159,0.574593551024368,0.561666666666667,0
3,0.00849577584978722,0.0253084351261397,0.0288848210222387,0.60620521183137,0.563333333333333,0
4,0.00825422632213323,0.025816001255658,0.0302410635986856,0.587017518163646,0.5,7
1,0.00872800627172381,0.0724648632156329,0.0938018623981254,0.197745512247869,0.523333333333333,0
2,0.0101340033626599,0.0288731693912541,0.0346463140045978,0.297803603617587,0.37,0
3,0.00976538549258714,0.029657929973772,0.0349671154621502,0.299610302218544,0.28,0
4,0.00969417136883909,0.0284972387084319,0.0337240786932576,0.458454050084061,0.295,10
1,-0.0482287822401038,0.0525538277435308,0.0648270317973899,0.385918291305174,0.756666666666667,0
2,-0.014398435062266,0.0274305228752111,0.0356399124658921,0.263236166486057,0.728333333333333,0
3,-0.0140407493228022,0.027703471115675,0.0356212512509198,0.251631518072478,0.766666666666667,0
4,-0.014005378335834,0.0277587390529913,0.0358923551475926,0.181510024252557,0.758333333333333,6
1,0.000786510048438635,0.0627187838066644,0.0801727051877485,0.324013567059791,0.583333333333333,0
2,0.0119244019958857,0.0289561740344552,0.0345560980230926,0.248296122380325,0.313333333333333,0
3,0.0119663039234284,0.0296922799903947,0.0346356734480953,0.265737732986014,0.248333333333333,0
4,0.0119633636179921,0.0296596066137686,0.034783631144886,0.238691350708617,0.25,6
1,0.0178553690564456,0.0677672170280969,0.0841162224370054,0.134029045302327,0.463333333333333,0
2,0.0186051349944957,0.0361126374362219,0.0416650231497237,-0.157321456071314,0.256666666666667,0
3,0.0188012790661096,0.0359166169571418,0.0405810554185538,-0.239047648466945,0.255,0
4,0.0189202262885194,0.0359953434447074,0.0406640346052185,-0.20972324830895,0.255,8
1,-0.0356458744624222,0.0784914108872945,0.0974063220412626,-0.288258927857758,0.503333333333333,0
2,0.00358715296105486,0.0288402174745245,0.0362411696575589,-0.0478192560382169,0.36,0
3,0.00328865526144735,0.0268728397036106,0.0343833618347095,-0.0174111287144941,0.31,0
4,0.00318424549557002,0.0273305969617402,0.0348650192133221,-0.0326705184206276,0.321666666666667,9
1,0.0194277519628616,0.0483883887858015,0.0615143928920597,0.403696407175122,0.533333333333333,0
2,0.00577168323740877,0.0284215653927136,0.0346247519270582,0.140713715116415,0.37,0
3,0.00591574197495553,0.0280981729249355,0.0342583739808362,0.129105129137026,0.275,0
4,0.00576834153414215,0.0283411296738781,0.0345922117611065,0.0675254432284164,0.275,7
1,-0.00349808498705669,0.0594433214065029,0.0741268185511123,0.532735933328003,0.651666666666667,0
2,0.00492569535585173,0.0276687349168596,0.0347382585919504,-0.021087534833533,0.363333333333333,0
3,0.00510309936746634,0.0259677539903828,0.0336528463990234,0.00831137425446505,0.328333333333333,0
4,0.00517032355447819,0.0263691120654102,0.0337627688536642,0.0144602776544343,0.31,10
1,0.0132456190939472,0.0569950865232484,0.0705931907053027,0.201429298856331,0.518333333333333,0
2,-0.00950867627577984,0.0269588775802405,0.0355057740434188,0.0371567520544998,0.62,0
3,-0.00977392104101976,0.0251174204066449,0.0345953857357332,0.0342994148374803,0.7,0
4,-0.00958496640804199,0.0255489023300591,0.0348445051136048,0.0369837730174264,0.651666666666667,9
1,-0.0187753483836484,0.0695205254330516,0.088667876422002,0.159609860173019,0.581666666666667,0
2,-0.00436405360097313,0.027904487515916,0.0358748023214777,-0.00917764913730051,0.548333333333333,0
3,-0.00452240027296436,0.0261027497958222,0.0349717215501924,-0.0603319609169373,0.561666666666667,0
4,-0.00477715264870335,0.0261503800032186,0.0349788623413743,-0.0362213614897632,0.558333333333333,8
1,0.00235022197362338,0.0497483923714463,0.0617301391113953,0.291062388009692,0.556666666666667,0
2,0.00469528430960872,0.0283553861494868,0.0355202563059148,0.104818472025557,0.428333333333333,0
3,0.00482633451936987,0.0271650272532726,0.0348130488094389,0.0870861687960915,0.346666666666667,0
4,0.00479073154815823,0.0276318332017382,0.035179920850374,0.0234441152878045,0.32,8
1,0.0106094912235519,0.06069031933273,0.0758197804374597,0.138992113360745,0.498333333333333,0
2,0.00571859556369699,0.027627914973489,0.0335651336596588,0.166261382117706,0.375,0
3,0.00541035708744069,0.0268389638993816,0.033254010735004,0.234188288706894,0.313333333333333,0
4,0.00553095018959676,0.026972505167455,0.0333960643612162,0.174701503555842,0.298333333333333,9
1,-0.00605792763858824,0.0518190416364707,0.0648268379189245,-0.0142680048667119,0.515,0
2,-0.00471746129903065,0.0305189867757259,0.0383734612346507,0.0767419415540456,0.548333333333333,0
3,-0.00476885687108875,0.0283560252178368,0.0367357944692761,0.0219413286054464,0.543333333333333,0
4,-0.00497702623144793,0.0293003106496102,0.0375164149175843,0.0170022268749501,0.556666666666667,8
1,0.0120479940469528,0.0570641827150712,0.0716679143534456,0.390347312178858,0.558333333333333,0
2,-0.00516287724028993,0.0281385633142939,0.0353760415155063,0.11263064935338,0.543333333333333,0
3,-0.0049307409013049,0.025985229595128,0.0347831553425589,0.046079506805562,0.538333333333333,0
4,-0.00515031381554211,0.0266891986322397,0.0352704485710616,0.00141680431215659,0.531666666666667,8
1,0.00832062504472754,0.0405674142979052,0.0516169043736732,0.613887889967665,0.645,0
2,0.00177474667926287,0.0277693579428713,0.0353642780151727,0.069705908162035,0.438333333333333,0
3,0.00223677528078365,0.026870539357246,0.0349372344994444,0.0180558316497582,0.36,0
4,0.00209860505533812,0.0268716975344748,0.0350126025684686,0.022045587040926,0.35,7
1,-0.0388766185313695,0.0588313912215119,0.0738635129885425,0.586099392645081,0.725,0
2,-0.00718871652147668,0.0248899802586842,0.0320756729816691,0.445153125988146,0.651666666666667,0
3,-0.00679288750703975,0.0248425497768871,0.0326903201675681,0.454363893763396,0.655,0
4,-0.00693065949352611,0.0253885292429018,0.0327891459736155,0.450698606541359,0.685,11
1,0.0288293480462001,0.0668770121136538,0.0824751302938138,-0.208205597730328,0.331666666666667,0
2,0.0286536888233102,0.0421938462695393,0.0488107593853837,-0.110724090104946,0.266666666666667,0
3,0.0283161276397681,0.0404940537126752,0.0461004813960992,-0.0706555636080806,0.266666666666667,0
4,0.0286807497354254,0.0408703349815331,0.0468727211732374,-0.0964224232266788,0.268333333333333,9
1,0.0454884273186814,0.0780950364397935,0.0984816477803799,-0.0724499583033259,0.38,0
2,0.0121226562767964,0.0318942327709107,0.037723419115827,-0.0422546844449155,0.295,0
3,0.0124391228404752,0.0315181384734319,0.0364281874522357,-0.0290585803256032,0.268333333333333,0
4,0.0124935008808471,0.0316996963300187,0.0367889134654997,-0.059511200938767,0.268333333333333,7
1,0.0260447514830332,0.0702769862938303,0.0835880671210313,0.479235522462717,0.561666666666667,0
2,0.00606572427461051,0.0259156619003837,0.0316088538204247,0.395342231912106,0.433333333333333,0
3,0.00594864288018358,0.0248296903230223,0.0309060463821372,0.531794543099807,0.331666666666667,0
4,0.00598594460911043,0.0248099847305759,0.031025467479566,0.52567508868345,0.375,6
1,0.0263534211668957,0.0540853854795103,0.0651787373807677,0.490273579194186,0.546666666666667,0
2,0.0133244521173505,0.0309825598326777,0.0362343125528529,0.23211376348879,0.34,0
3,0.0132464232701236,0.0312175106335391,0.035862081665105,0.317047238601219,0.27,0
4,0.0132222674840728,0.030390384681978,0.0351703432084451,0.410269016362622,0.28,9
1,0.0297365607715654,0.0732343757133443,0.0926360291382376,0.338676685339749,0.528333333333333,0
2,0.0177486771859108,0.0325850108142014,0.0379155950315014,0.227703329257139,0.281666666666667,0
3,0.017579019657649,0.0334140802574933,0.0377497528001918,0.25229803306595,0.26,0
4,0.017394745513499,0.0329825854625108,0.0373527915445536,0.291983854493911,0.26,8
1,-0.0636745794068893,0.0733781716494624,0.0875528828874022,0.351421761259663,0.72,0
2,-0.0267161867475549,0.0341879802476153,0.0432823417002497,0.23027184751343,0.753333333333333,0
3,-0.0264127997306859,0.0340864294381966,0.0426672153087023,0.196533696132282,0.761666666666667,0
4,-0.0264708518274656,0.0343049283013262,0.0431827459133853,0.154742761225121,0.763333333333333,9
1,-0.00538548937469649,0.0485954136717959,0.0608057561546631,0.442621151308198,0.63,0
2,-0.0171773106774181,0.030833582297775,0.0392949176096362,0.0830073741423449,0.696666666666667,0
3,-0.0174457585042079,0.0308902486277187,0.0390361783120392,0.0200239977209194,0.725,0
4,-0.0172708084371565,0.0309687705162209,0.0391958035417557,-0.0430794533653756,0.725,10
1,0.0219592459921164,0.0445547596504524,0.0570967771784067,0.453707333493731,0.518333333333333,0
2,0.000844106407945187,0.0254378716554733,0.0331553298677602,0.212513252447033,0.505,0
3,0.00162332600698278,0.0246895598926804,0.0334692930802281,0.21534416832809,0.39,0
4,0.00155844790615178,0.025504200622098,0.034304677516944,0.0346039147754132,0.343333333333333,10
1,-0.0602111750701198,0.0796362706942605,0.0970777868769929,-0.064117027006388,0.635,0
2,-0.0370044215518374,0.0411437857949971,0.0511550333899932,0.0449593895945748,0.755,0
3,-0.037506879867855,0.0410116766104451,0.0510055330555053,-0.0143709119741515,0.755,0
4,-0.0379972909922393,0.0413222111827754,0.0514077468366114,-0.00850750168030571,0.755,7
1,0.00800977410959347,0.0716431085504852,0.0907214758475203,0.0746849700048982,0.491666666666667,0
2,0.0137445211180504,0.0326181298723177,0.0385539464954491,0.0163648147123063,0.293333333333333,0
3,0.0139655912898374,0.0329584275660827,0.0378558724013035,-0.00354984473135409,0.261666666666667,0
4,0.0140133829595451,0.0326973131973084,0.0377756140084615,0.000910255321680501,0.27,5
1,-0.0287092123054617,0.0522506588924925,0.064772026869547,0.151103549911584,0.615,0
2,-0.0147182036994345,0.0296385758982405,0.0379916505203009,-0.00688922856262344,0.651666666666667,0
3,-0.0148028122226743,0.0289146991826694,0.0373340267950738,-0.0648774480851483,0.713333333333333,0
4,-0.0145781983444423,0.0289356087381054,0.0374499603753475,-0.0540240413586031,0.698333333333333,7
1,0.0214390886064041,0.0487576761470867,0.0605109632636021,0.08701387445004,0.43,0
2,0.00526152214517498,0.0289127090934076,0.035591035391501,0.0393747520028378,0.323333333333333,0
3,0.00522907450301414,0.028860795893724,0.0354518509366484,-0.0545037239320533,0.263333333333333,0
4,0.00510904044083526,0.0287211950207146,0.0353891313184928,-0.022188380267207,0.27,6
1,-0.0295053251810743,0.0635488349596248,0.0796756006259321,0.485743561174326,0.673333333333333,0
2,-0.00347741962831114,0.024629507051977,0.0316311107060572,0.349959800890464,0.593333333333333,0
3,-0.00298934206090593,0.0235162072777725,0.0320980901532339,0.42395727375676,0.555,0
4,-0.00305822122957256,0.023039076427214,0.0312222262743573,0.539876859868718,0.601666666666667,8
1,-0.0389442196286927,0.0823005008155833,0.102571145564538,0.063501798133643,0.601666666666667,0
2,-0.0130218325373261,0.0297533312872166,0.0377199490028702,0.0764643811265556,0.651666666666667,0
3,-0.0122165421461553,0.0282706707635229,0.0368037643473485,0.0502784776277093,0.733333333333333,0
4,-0.0123771099822978,0.0285409509887454,0.0370330588657313,0.0360062636570395,0.716666666666667,8
1,0.0181033485317768,0.0554355064780382,0.0687839201186287,-0.0118726171596456,0.443333333333333,0
2,-0.00379453344582649,0.027230013821554,0.0356396850978781,-0.0103100190062096,0.513333333333333,0
3,-0.00381591849769878,0.0250788101391835,0.0345192981240432,-0.0664909281182315,0.523333333333333,0
4,-0.00369654276133533,0.0255430605201118,0.0344732340834866,0.0108050924604441,0.533333333333333,8
1,0.0162342294075617,0.0682036704322126,0.0868399137177242,0.616666364579388,0.646666666666667,0
2,-0.00100531827026809,0.0219191729658046,0.0280082556639571,0.584237923507718,0.605,0
3,-0.000646127571787561,0.0222080745151606,0.0288906647571758,0.691971699079232,0.621666666666667,0
4,-0.000702973084470045,0.0218228909704058,0.0284695275941893,0.663973888210983,0.595,6
1,-0.0200836703478093,0.0466214433852527,0.0593489465798225,0.334331011823164,0.628333333333333,0
2,-0.0162356603884058,0.0290645373702606,0.0373400420089136,0.170717895237913,0.743333333333333,0
3,-0.0167537904449668,0.0296941474605763,0.0373868948548083,0.172298816161599,0.763333333333333,0
4,-0.0167715220771365,0.0294641862689201,0.0371320448374169,0.292317271736554,0.763333333333333,7
1,-0.062739494945673,0.0786393521116381,0.0960470709968209,0.521369087010908,0.758333333333333,0
2,-0.0313603605276051,0.0359897240396644,0.0449418218469964,0.335317438340189,0.761666666666667,0
3,-0.0310001322522858,0.0365236184633706,0.0452135009018807,0.412891381170336,0.761666666666667,0
4,-0.031007577744624,0.0360249088134686,0.0445991499833385,0.567504120585862,0.761666666666667,9
1,-0.0106816894239808,0.0613662371217059,0.0769319156045199,-0.0271667916383683,0.501666666666667,0
2,-0.00836993747349011,0.0320693268261258,0.0408494095590511,-0.0330601095492497,0.506666666666667,0
3,-0.00836361960193661,0.0284609646944787,0.0372155939905643,-0.00817763590164342,0.486666666666667,0
4,-0.00774263308449168,0.0290418045502704,0.0379142039997678,-0.0366596544861075,0.505,7
1,-0.00595675954904989,0.0511390354384461,0.0652098255239686,0.323019869432037,0.623333333333333,0
2,-0.00982093075795936,0.0273497539921581,0.035042757413813,0.278722521793846,0.661666666666667,0
3,-0.00971768766374844,0.0265458080698063,0.035056195424555,0.344381547129039,0.648333333333333,0
4,-0.00952118522651455,0.026714881429174,0.0353835149606692,0.234220665613289,0.653333333333333,8
1,0.0188299464329298,0.0615734781271072,0.0775160788438647,0.362654441175801,0.556666666666667,0
2,-0.00470735603135003,0.0259495268640958,0.0330750204760849,0.318170318714604,0.555,0
3,-0.00392042232866926,0.0249185660614106,0.0328850749743126,0.382935988064455,0.5,0
4,-0.00376009708871548,0.0252060583541732,0.033255436457579,0.313941139107526,0.48,9
1,0.0453426833879517,0.0590746292509355,0.0719935253517008,0.703230766074155,0.496666666666667,0
2,0.00731153764766645,0.0277197609428753,0.0335545236470964,0.305662699439506,0.396666666666667,0
3,0.00730021961809891,0.0279898687448248,0.0341847628877464,0.279848794138517,0.246666666666667,0
4,0.00698036404210784,0.0281659673165727,0.0346901515996709,0.169393917189803,0.253333333333333,9
1,-0.0386042217130214,0.0715207475391946,0.0895382507658761,0.428018870069359,0.686666666666667,0
2,-0.015243230914577,0.0280929097245178,0.0358775621626309,0.246819332702975,0.691666666666667,0
3,-0.0159029509251531,0.0281862049844676,0.0363844167819848,0.186103879496463,0.735,0
4,-0.0159803270965847,0.0290401933630961,0.0372407520481277,0.0558513859452189,0.723333333333333,9
1,0.0159830685151373,0.0584890024835103,0.0731361138506244,0.121431208776904,0.478333333333333,0
2,0.0034790373413311,0.0278161780661985,0.0352981450757435,0.0414012951848379,0.398333333333333,0
3,0.00372525645653971,0.0261034611065328,0.0341623884673753,0.00693398990951141,0.263333333333333,0
4,0.00387109780018339,0.0265622057956888,0.0343072685018571,0.0557222765685516,0.315,8
1,-0.0160741484835036,0.0593590772272186,0.0734052522870113,-0.062091173198266,0.488333333333333,0
2,-0.0101288861411725,0.0271718314813332,0.0355557947084143,0.102476734988022,0.633333333333333,0
3,-0.0106764009303955,0.0265696837056377,0.0352380767056164,0.0761963603481768,0.686666666666667,0
4,-0.0107687413073183,0.0268666940475937,0.0356297113738663,0.0161527345067636,0.686666666666667,6
1,0.0497972591355728,0.0725713244536728,0.0906080850924668,-0.290399260567879,0.285,0
2,0.0237742529932922,0.0398569848882571,0.0450775969448209,-0.281955213681245,0.276666666666667,0
3,0.0242838363992118,0.0388636362168816,0.0436414379303323,-0.232727062380526,0.276666666666667,0
4,0.0243252290057228,0.0392801450932054,0.0441261291701098,-0.314561738818508,0.276666666666667,6
1,-0.0214238642829515,0.0686447862069092,0.0859505440976326,0.248213516668273,0.633333333333333,0
2,-0.00185809058498394,0.0274750911286383,0.0355261389482703,-0.00491275006841957,0.511666666666667,0
3,-0.00186581956555958,0.0253973160061511,0.0343374975657358,-0.0465688844924947,0.528333333333333,0
4,-0.00206542263892158,0.0260616423563872,0.0347940327369908,-0.0606319207708084,0.531666666666667,8
1,0.061611986880158,0.0802510472204431,0.0994050751143182,0.202627678905673,0.393333333333333,0
2,0.0247876157427318,0.0376343027680561,0.0431791950361016,0.0375183237846402,0.263333333333333,0
3,0.0245324821348538,0.0375297372077389,0.0422969559764237,0.0344695425220551,0.263333333333333,0
4,0.0244324640308854,0.0375257547667323,0.0425462671070783,-0.0177155689919579,0.263333333333333,9
1,-0.0612184250891992,0.0761644064472145,0.0932880780471833,0.042234863380962,0.615,0
2,-0.0238088161225745,0.0324203988408459,0.0414433650574177,0.276319685708867,0.725,0
3,-0.0240409715755998,0.033159484816777,0.0412581101214397,0.437008707031538,0.731666666666667,0
4,-0.0242792441567106,0.0327827935273092,0.0411826217867724,0.410550074839752,0.731666666666667,9
1,-0.0158217118607978,0.0475726783623267,0.0607757821672249,0.503532864753781,0.671666666666667,0
2,-0.014910312067803,0.0295946912832866,0.037841420531301,0.108125242425856,0.698333333333333,0
3,-0.01499450869362,0.0297635615147278,0.0375277597373748,0.0726395449492589,0.746666666666667,0
4,-0.0147056365194733,0.0299172794256572,0.0378295549585787,0.000795177862393769,0.746666666666667,9
1,0.00176383817336171,0.0869646748580179,0.10949926775997,0.49306168285346,0.65,0
2,-0.00420597286460847,0.0253204615086676,0.0316427023695801,0.328667115794209,0.616666666666667,0
3,-0.00357469716149042,0.0230735974159857,0.0298487304973056,0.52610164614737,0.698333333333333,0
4,-0.00350103530597574,0.0239319716741768,0.0310123650635046,0.386714874731707,0.666666666666667,7
1,-0.0202808110087834,0.085805864642954,0.106293037530854,-0.200657890181453,0.478333333333333,0
2,0.000246353272400382,0.0290863696806322,0.0373880580536554,-0.180967880966732,0.405,0
3,-0.000577628032445069,0.026106446932302,0.0350604673731599,-0.163697304588078,0.368333333333333,0
4,-0.000582461069506561,0.0273732908778621,0.0362168333937313,-0.250334467451674,0.401666666666667,5
1,-0.00739274807646248,0.0502855370666426,0.0643081696928568,0.564105538509309,0.7,0
2,-0.00388965643603192,0.0246509868454549,0.0313017526142992,0.378146871328461,0.576666666666667,0
3,-0.00367807659239325,0.0243557651248272,0.0314146199437299,0.37974772566588,0.563333333333333,0
4,-0.00364990593724887,0.0240463631016271,0.0309229785811406,0.424853888602309,0.573333333333333,10
1,-0.0032813505092486,0.0721492358113921,0.0905498974475363,0.662595223107324,0.681666666666667,0
2,-0.00193955921308287,0.0248096465211393,0.0319105832906319,0.288693764914749,0.573333333333333,0
3,-0.00190922100747921,0.0235632315235528,0.0322853399880861,0.250287280676094,0.521666666666667,0
4,-0.00217651883348218,0.0227187305572355,0.030987631582529,0.483544747490408,0.606666666666667,9
1,0.0363849622091367,0.0547653757266668,0.0670933889574178,0.529793792587843,0.503333333333333,0
2,0.00389171588814659,0.0253709100550673,0.0318882160653172,0.40357210409964,0.475,0
3,0.00416569424002051,0.0253671491386628,0.0319353842098719,0.510999480278946,0.37,0
4,0.0037655516476886,0.0253654116286139,0.0320664008482645,0.438735440932925,0.385,8
1,0.000992658292314647,0.0745760720895555,0.093818528428477,0.45173683533356,0.631666666666667,0
2,-0.0108882250134613,0.0254660219701848,0.0335891917452318,0.354214183140383,0.7,0
3,-0.0106095382448495,0.0253335430968633,0.0343256884106192,0.282287700776609,0.706666666666667,0
4,-0.0106624697950916,0.0248497985890659,0.0337520182416307,0.453016098907864,0.753333333333333,9
1,-0.00994198674564747,0.0435028838468077,0.0553144331911966,-0.0451514624833133,0.501666666666667,0
2,-0.0102435818645027,0.0301279423218956,0.0392370484128926,-0.171635984677238,0.551666666666667,0
3,-0.0106419903923345,0.0284263240566953,0.0374974170601236,-0.122093177953669,0.67,0
4,-0.0106213873902207,0.0284119482331451,0.0372009861051438,-0.0411412964069704,0.69,11
1,0.028465955800354,0.0641970690914935,0.0814779529970263,0.298785808839786,0.525,0
2,0.00993168241437761,0.0310407853792891,0.0376333962600501,0.0197554928359622,0.331666666666667,0
3,0.00986919360208761,0.0307348629104735,0.0364717886160061,-0.0178846115135883,0.266666666666667,0
4,0.00979169923828612,0.0308139382898779,0.0366822475298514,-0.0260053066445427,0.27,7
1,-0.00903443054840643,0.0694392105600497,0.088277039994797,0.390667296544753,0.625,0
2,-0.00853006414579819,0.0237960554824336,0.0303217208060198,0.530555426955481,0.77,0
3,-0.00885480499778196,0.0238156764571404,0.0312981364456544,0.576678712334806,0.785,0
4,-0.00903234263247514,0.0245675703297703,0.0320820164619507,0.48919700280578,0.765,7
1,0.018016494081622,0.0611477900027434,0.0768069315390097,0.14554411629931,0.485,0
2,-0.00974765632004239,0.0295303136991326,0.0375953852579747,0.00294349530976987,0.636666666666667,0
3,-0.00985726651173821,0.0281884998901433,0.0367171884939621,-0.02009100263923,0.705,0
4,-0.00993214365947582,0.0283127402382551,0.0366549014950062,0.0234816654226443,0.678333333333333,6
