"method","bias","mae","rmse","spearman","acc","n_rules"
1,-0.00442134150434087,0.0404633204341168,0.0516369436275853,0.165784962270949,0.556666666666667,0
2,0.00135430699243659,0.0323621924570699,0.0424139757677855,-0.0227851262927648,0.5,0
3,0.00162569451019901,0.0221022092419768,0.0277873054036275,0.0125703855352418,0.51,0
4,0.00098895507691425,0.0219968497609962,0.0272028206148749,-0.0374527739164313,0.506666666666667,4
1,-0.000619053530782212,0.0508389263842577,0.0664739046704047,0.116992060954912,0.566666666666667,0
2,-0.0100199126327192,0.0405528779151237,0.0515032223489005,0.158578005358881,0.606666666666667,0
3,-0.0103120546496688,0.0251033035998118,0.0317432642181332,0.214639110596853,0.64,0
4,-0.00997241364231055,0.0281508761384303,0.0368779414201317,0.252515257563659,0.64,9
1,0.0247847756667958,0.0739518259529611,0.0927331143709719,0.177305312638463,0.598333333333333,0
2,0.0164023538059074,0.0396264634250818,0.0495152284941539,0.0245643622251387,0.518333333333333,0
3,0.0163301624230586,0.0275128011941864,0.0327036419264366,0.0321790625142353,0.525,0
4,0.0171426558318072,0.0301741628309337,0.035731747870506,-0.0335060482569348,0.491666666666667,7
1,-0.0310993821368377,0.048967400613642,0.0664918698176636,-0.181543004524328,0.506666666666667,0
2,-0.0438195286169699,0.0524551548734218,0.0650964602751599,-0.152260701729516,0.463333333333333,0
3,-0.0434232899919262,0.0438182545548593,0.052554313834519,-0.100953501203083,0.493333333333333,0
4,-0.0430793039377734,0.0442657725457122,0.0530486494939996,-0.0898608175607975,0.48,4
1,-0.00701965104697921,0.0584367604789343,0.0745241041434773,-0.147407168743508,0.395,0
2,0.0328240117285572,0.0424950851081917,0.0514804298851256,-0.0554804459375011,0.458333333333333,0
3,0.0321539573603592,0.0356766557656442,0.0406972716311664,-0.00905295597903061,0.485,0
4,0.0323964682452197,0.0357051462355237,0.0405703262891207,0.0320536553685708,0.498333333333333,7
1,-0.00366738428982418,0.0435228938083383,0.0561395224558555,0.109160397709994,0.573333333333333,0
2,-0.021046920686035,0.0377347511596953,0.0484572635125417,0.0132446609400357,0.476666666666667,0
3,-0.0201037773337649,0.0243654288070492,0.0331781489819173,0.068461131082148,0.51,0
4,-0.0210535969064375,0.0258126872097598,0.0350855129080948,0.119206676890816,0.553333333333333,10
1,0.00768950554874834,0.0479400064919824,0.061010419130748,0.0786295871148916,0.47,0
2,0.0276420519206165,0.0394838829074728,0.0482141110743827,0.030892527115587,0.513333333333333,0
3,0.0291465450923285,0.0331929933044619,0.0379784536707689,-0.000376571911737813,0.526666666666667,0
4,0.0289670008330118,0.0342851005530874,0.0395360804997937,-0.0316107487272336,0.52,6
1,-0.0304106576369752,0.0531218370499971,0.0708347820438485,0.0265688707853564,0.565,0
2,-0.0538892830722003,0.0599784523412497,0.0724290470583549,0.0129263601865886,0.548333333333333,0
3,-0.0527620141955928,0.0527751139928421,0.0594862396474949,-0.0373729687464909,0.515,0
4,-0.0531474763831245,0.0538418777660611,0.0611613723166064,-0.00628762443831401,0.498333333333333,9
1,0.0316277301339956,0.046552168387285,0.0568966506084708,0.270444741212737,0.628333333333333,0
2,0.0572984322088604,0.0580947568755735,0.0654165217458988,0.0912675378137818,0.491666666666667,0
3,0.0574174292296913,0.0574187326706433,0.06114865025618,0.0674920747645054,0.505,0
4,0.0572885508525294,0.057473547765212,0.0609542512080188,0.170795637859409,0.525,10
1,0.0236808129792431,0.0438631165279612,0.0508178213541661,-0.0601189859994308,0.57,0
2,0.0240331384119718,0.0439523972597552,0.0542158443902335,0.0231193931650466,0.516666666666667,0
3,0.0246284598945122,0.0321628141435344,0.0378461067689556,-0.0231108833303091,0.483333333333333,0
4,0.024680196693319,0.034174800071806,0.0407917885746574,-0.00960742363334472,0.513333333333333,8
1,0.00323341377104068,0.0547101915503657,0.0697862668993864,0.200400958787753,0.563333333333333,0
2,0.0154653737446062,0.0281796880604124,0.0346705420157559,0.0813529209683133,0.506666666666667,0
3,0.0153561268521025,0.022988796912428,0.0263213811753205,0.0769293967265511,0.516666666666667,0
4,0.0150926542150733,0.0232967499779811,0.0273124752348458,0.0746198844001029,0.486666666666667,10
1,0.0327968668179642,0.0581409675982775,0.0717482732491896,0.198666837992256,0.566666666666667,0
2,0.0178495755310529,0.0332747524853389,0.0402409855430344,0.119454722007069,0.576666666666667,0
3,0.0200285231734787,0.026882347607212,0.030447514207892,0.106864005399571,0.603333333333333,0
4,0.0199416009166002,0.0271363103589374,0.0313195584097538,0.166349133572908,0.603333333333333,8
1,-0.0227808516315147,0.048307325325558,0.0642011117105359,0.377606607502779,0.7,0
2,0.0172691456449843,0.0281213049018688,0.0354136251088501,0.0913456113976316,0.54,0
3,0.0165042594608136,0.0230299175465909,0.0261959182890079,0.0712736493954962,0.51,0
4,0.0164780546444282,0.0227642505530029,0.0251551763147344,0.140528236196224,0.596666666666667,5
1,0.0256945983176301,0.0558304782215001,0.0726900137663197,0.252730221524424,0.63,0
2,0.0627778093523743,0.0649431387062658,0.0728568382815996,0.170295799853365,0.576666666666667,0
3,0.0618772032231091,0.0622541144901087,0.0661319420688661,0.146670869300765,0.566666666666667,0
4,0.0616910259976794,0.0618205107417117,0.0652663402605784,0.266919910089933,0.66,6
1,0.00499283180442434,0.052250854137313,0.0647066731650812,-0.0331329086224392,0.506666666666667,0
2,-0.00688156705885379,0.0291082525037933,0.0365747318630101,0.173423911874233,0.54,0
3,-0.00531081883747429,0.0164450488363422,0.0218865606442233,0.274761938849195,0.56,0
4,-0.00487795731282365,0.0175581231249762,0.0232311698660353,0.132060411434863,0.486666666666667,10
1,0.0509343502846768,0.071328649380743,0.0849415245107568,-0.162635531888983,0.436666666666667,0
2,0.0752204312143703,0.0778874803708019,0.0890598903373535,0.0208026805152555,0.543333333333333,0
3,0.0749500879816529,0.0751187872147296,0.079930247335792,0.0732733928756172,0.553333333333333,0
4,0.0748107996703451,0.0750419301954549,0.0807043133011205,0.0778981508907756,0.533333333333333,9
1,0.013883268101564,0.0672835335017666,0.0865368912659052,0.0978112348043654,0.513333333333333,0
2,0.0172160044606989,0.0334295532761512,0.0421262433085149,0.0487883728982742,0.51,0
3,0.0168415942240941,0.0254523577711766,0.0294126226965514,0.00196380834716776,0.493333333333333,0
4,0.0166252460570355,0.0257124943105033,0.0297226514054332,-0.00933641338565693,0.49,7
1,0.0253534119144583,0.0712632771633459,0.0892150354522929,0.148162636185856,0.593333333333333,0
2,0.0449658303640444,0.0526957335509329,0.0660678344991134,0.129054012931716,0.52,0
3,0.0436019301070677,0.0448167244445623,0.0510920532890689,0.202032208057104,0.543333333333333,0
4,0.0440023627451994,0.0452959903193157,0.0531527493140541,0.359463620898233,0.626666666666667,7
1,-0.0248646201192569,0.048629481193284,0.0628097284890048,0.0718897364086992,0.525,0
2,-0.0338391629968182,0.0500353398950595,0.0638739676945601,-0.022245361476778,0.501666666666667,0
3,-0.033765644628981,0.0360405245893419,0.0477649725340568,-0.0335910390578511,0.491666666666667,0
4,-0.0353412866808491,0.0427302153221817,0.0548693873979258,-0.0564699683232786,0.485,10
1,-0.000759137328961245,0.0326014914617146,0.0428370221917018,-0.0310646987183592,0.545,0
2,-0.0249590593550373,0.0331878106319226,0.0420042073383866,0.00890576138843732,0.505,0
3,-0.025014284611881,0.0252550673541114,0.0328142013737634,0.0225038303262081,0.505,0
4,-0.025012104530831,0.0252599526046556,0.0326785921236888,0.0194049851673831,0.518333333333333,4
1,0.00656450046829968,0.049528621739166,0.0630730872808232,-0.128793898449005,0.443333333333333,0
2,-0.0163998787563706,0.0361263671484744,0.0455120706486221,0.100484600440116,0.526666666666667,0
3,-0.0182321533347103,0.0247001577547773,0.0310733843148658,0.102485240324961,0.5,0
4,-0.0189976224827281,0.0259956866278039,0.0327782925452317,0.067431885525126,0.49,8
1,0.023054867475187,0.048296859823229,0.0610393628632689,0.0257828835314804,0.46,0
2,0.0506205209260853,0.0564838359872999,0.0666032253423128,0.146235892490211,0.563333333333333,0
3,0.0506335688348451,0.0515089445925752,0.0568863124611318,0.111192806799131,0.53,0
4,0.0513503272960365,0.0525779250307568,0.058191316254392,0.0976636491669279,0.55,9
1,0.0610380664830567,0.0793542541940935,0.0923290240894942,-0.089393604289302,0.496666666666667,0
2,0.0796658951040092,0.0813840353854106,0.091387166710263,-0.0390331584530874,0.506666666666667,0
3,0.0766392634955538,0.0767566399316294,0.0819617451234229,-0.0505738042021575,0.496666666666667,0
4,0.077528618901403,0.0777069750866967,0.083320215065966,-0.0546351295246908,0.496666666666667,6
1,-0.0189952761770285,0.0643278969502535,0.0816649641416631,-0.111761595654272,0.501666666666667,0
2,-0.0190601843784146,0.0381090658782197,0.0481755449766029,-0.030841140892257,0.521666666666667,0
3,-0.0171018744902969,0.0259370394771424,0.0333854735247656,-0.0229362831975144,0.515,0
4,-0.017949506379734,0.0262848346945598,0.0353397559721545,-0.0674003796623917,0.505,6
1,0.0390225426497604,0.0920156775711206,0.114748589384047,0.0904394669443452,0.553333333333333,0
2,0.101522480295475,0.101541504315521,0.109666802696381,0.0538646474805412,0.53,0
3,0.102653747627662,0.102653747627662,0.105452306231749,0.0158464080439889,0.503333333333333,0
4,0.103286970891122,0.103374159003126,0.107073334389043,-0.0936280592763371,0.46,9
1,0.0272475752933475,0.0583642384802913,0.0722175175789784,0.0255682782362643,0.496666666666667,0
2,0.0492602095168241,0.0527148352504413,0.0608125686153553,0.0137210937446353,0.513333333333333,0
3,0.0508290254599419,0.051501328938096,0.0564431279434901,-0.120913468579965,0.456666666666667,0
4,0.0513271945587287,0.0521415395159563,0.0575723554018419,-0.1929579642789,0.423333333333333,9
1,-0.0156554624362088,0.0304656457914089,0.0381271525710438,0.296943970596104,0.613333333333333,0
2,0.000949972249231532,0.0274254557223412,0.0345931492498102,0.311458947761302,0.636666666666667,0
3,0.000785769265969439,0.0177020996096225,0.0224351168145525,0.383666890505505,0.7,0
4,0.000500660093779394,0.0183430663954948,0.0231452614973924,0.363736195633707,0.67,6
1,-0.00446191573371341,0.0672426213560469,0.0873065774495623,-0.0335007538706675,0.508333333333333,0
2,-0.0192802181190485,0.0408945155678197,0.0516006520021413,0.0273127214898387,0.505,0
3,-0.0199695172477679,0.0260497685003506,0.0352726360679314,-0.00411523495043155,0.501666666666667,0
4,-0.0210242515531977,0.0275364852317893,0.0354176754486725,0.0477831455483064,0.518333333333333,7
1,0.0248882188369974,0.0450663427232688,0.0579155860490912,-0.0280383300322808,0.461666666666667,0
2,0.0242319207680924,0.0395951812863422,0.0479981495499525,-0.0415789872538719,0.478333333333333,0
3,0.0221595976683064,0.0304742503444953,0.0357711372864758,-0.0194915736949052,0.491666666666667,0
4,0.0218464824356809,0.0319392691730422,0.0375022648064729,-0.0288685474733383,0.488333333333333,9
1,0.0312654890186788,0.0578416786578662,0.0705034976352892,0.0782167552278064,0.551666666666667,0
2,0.0649065317980688,0.0707854887363631,0.0824498493802283,-0.00251188328580367,0.518333333333333,0
3,0.0645808505136396,0.0650472670918989,0.0704995036803937,0.0133973457427367,0.518333333333333,0
4,0.0646485394950845,0.0658038029914464,0.0724090410545298,0.00492764099683427,0.495,7
1,-0.0207696739892811,0.0533423613015001,0.0703182221396138,-0.0120332408741559,0.503333333333333,0
2,-0.0138564668870143,0.0330365066531845,0.0415380629359257,-0.0600694772076313,0.496666666666667,0
3,-0.0159736822613097,0.022495580081043,0.0301002532323323,-0.0710596574519814,0.493333333333333,0
4,-0.0165303768193568,0.0228217108266587,0.0308367342325433,-0.0761020865221921,0.51,5
1,0.000144110634396739,0.0552597200820224,0.0708996433080656,-0.0725981528525527,0.476666666666667,0
2,0.0325493952721153,0.0476903137922077,0.0590732949071504,-0.080194405280809,0.47,0
3,0.033675842615725,0.0404720972468506,0.0477923109100821,-0.127817328024353,0.47,0
4,0.033952105140552,0.0429129808893187,0.0519380010974952,-0.160117095822636,0.45,9
1,0.00719855530525998,0.04420749781703,0.0565953566468528,0.136480340687263,0.545,0
2,0.034467505467436,0.0444144351426762,0.0535028409083503,0.0364712768600449,0.518333333333333,0
3,0.0359214401266175,0.0392269829234896,0.0445774133001362,-0.0267807489854828,0.471666666666667,0
4,0.0354046911461409,0.0386659880046828,0.0439066703633368,0.0339431589696872,0.511666666666667,8
1,0.0121767438906583,0.0610189317679568,0.0754591106303431,-0.0789952824934344,0.496666666666667,0
2,0.0312363191489385,0.0431863654138437,0.0526704368010708,0.0817998738167342,0.513333333333333,0
3,0.0293373840848022,0.0341731065431031,0.0399098011341036,0.138185640762941,0.576666666666667,0
4,0.0290521125969349,0.0339533786738577,0.0393766306623432,0.1860405991559,0.59,6
1,0.00501396197568214,0.0587627494783738,0.0772984939556695,0.246739108772039,0.573333333333333,0
2,0.0239197461969779,0.0377673521326513,0.0477020323878919,0.22827809683955,0.563333333333333,0
3,0.0262403245660933,0.0310899758511032,0.0361559126562245,0.167794006433456,0.516666666666667,0
4,0.0258360285209851,0.030743259034995,0.0368102892174955,0.234692138459344,0.54,9
1,0.0227659087300719,0.0667702123628448,0.082900059563477,-0.0821879154464979,0.466666666666667,0
2,0.0372727452788859,0.0456507052966596,0.0535014640737311,-0.049653231727347,0.506666666666667,0
3,0.0387352859860628,0.0419223357310995,0.0466246530181495,-0.0657015216059706,0.506666666666667,0
4,0.0392371381158979,0.0431032007620239,0.0476966605110235,-0.108500477003919,0.506666666666667,6
1,-0.0103164552879843,0.0578513454200432,0.0757919608393287,-0.0846527988385413,0.515,0
2,0.0766570830557253,0.0785308955057408,0.0880574809520808,0.0231249881682582,0.515,0
3,0.0748520194752373,0.0750208024709769,0.0792595370219899,0.0236021563674739,0.515,0
4,0.0745203745861537,0.0747552596764517,0.0792745044288603,0.0641322389212717,0.535,6
1,0.0166003548489775,0.0544755035603137,0.0703122227913021,0.300010110130488,0.591666666666667,0
2,0.0408419187691562,0.0493295697375732,0.0594269326950662,0.137280973728132,0.525,0
3,0.0431462335483351,0.0444311395064222,0.0504677906871805,0.0513149070098823,0.465,0
4,0.0418199263807136,0.0444477536776583,0.0515792908685886,0.0763495102851455,0.511666666666667,9
1,0.0489552928510804,0.0704007241640645,0.084237864320137,0.14390767711136,0.616666666666667,0
2,0.068737038989501,0.070348948803916,0.0779155068590038,0.0781329346543135,0.54,0
3,0.0708790158322333,0.0709537160012873,0.0750122243259928,0.0286234574513129,0.54,0
4,0.07089081544589,0.0709677735423138,0.0751005255161206,-0.0732495944510984,0.483333333333333,7
1,0.0271077058689995,0.0601119623506452,0.0763829332056919,-0.0487120221322478,0.426666666666667,0
2,0.0644377970851596,0.0670651450069758,0.0803062762782847,0.0898664311516227,0.493333333333333,0
3,0.0631945634944965,0.0633153566976021,0.0688079402848129,0.140235329603293,0.533333333333333,0
4,0.0629416683123556,0.0632514692136963,0.0710820840438422,0.0845511582252358,0.5,7
1,0.00398622928520331,0.0481117405445201,0.0599682605624289,-0.219732121576354,0.456666666666667,0
2,-0.0111775546095005,0.0313211229766907,0.0399195642742781,-0.121641368880449,0.466666666666667,0
3,-0.00954772056024416,0.0193195036386399,0.0260998915237903,-0.171107470748943,0.433333333333333,0
4,-0.00957040100703732,0.0199609702723598,0.0267984255557893,-0.0825293673117903,0.473333333333333,8
1,-0.0154703216819316,0.0557889459994536,0.0757965493479245,0.311600287342808,0.645,0
2,-0.0132993443298519,0.0370584308178711,0.0464149037690995,0.0957434803959498,0.528333333333333,0
3,-0.0155607662197059,0.0234295181878431,0.031165626142646,0.084994335564567,0.531666666666667,0
4,-0.0145164765522507,0.0242000817378102,0.0313342360463183,0.167610298506268,0.568333333333333,8
1,0.0187726381168039,0.0629119822940363,0.0793703831236465,-0.0495790310489879,0.441666666666667,0
2,0.0201104000013827,0.0382208779203103,0.0467749075449765,0.0433061045895471,0.501666666666667,0
3,0.0201283110958028,0.0286765112899942,0.0342977525267853,0.00704487883812163,0.485,0
4,0.0202890328181288,0.0329833325703336,0.0397730878621522,0.0158254117987216,0.491666666666667,11
1,-0.0351409229438653,0.0479677950512682,0.0617468763271362,0.0207719757517716,0.528333333333333,0
2,-0.064533318601497,0.0650428205813576,0.0736344957658787,0.0673688854699789,0.535,0
3,-0.0614226293848671,0.0614226293848671,0.0651045355802133,0.0732869829848294,0.521666666666667,0
4,-0.0616790872467073,0.0616790872467073,0.0654449289465382,0.0670699075289827,0.521666666666667,8
1,0.0354132525645829,0.0581223078054906,0.074056559416047,0.277488028819743,0.591666666666667,0
2,0.072178090299609,0.0727203959963762,0.0826938640506704,0.0763311944710648,0.531666666666667,0
3,0.0735778707237913,0.0735938831760913,0.0780819099279591,0.0352630572873253,0.525,0
4,0.0734126843881565,0.0736453647500021,0.0790050390728076,-0.0358030494708983,0.498333333333333,9
1,0.00421408482170673,0.0337924128819515,0.0431418966434496,0.231148150885031,0.613333333333333,0
2,0.0504807223204124,0.0559001006002924,0.0651973193825244,-0.00189855906044043,0.546666666666667,0
3,0.0511765057840976,0.0519217588004901,0.0567076722102782,0.0194955395124977,0.523333333333333,0
4,0.0509143069445525,0.0520182128695469,0.0570461761339439,0.0787210563927198,0.57,7
1,0.0155287070269866,0.0360117936731926,0.0454793454507665,0.151866068521948,0.531666666666667,0
2,-0.0103313067200723,0.0264331200393876,0.0335572325676408,0.0832527265698968,0.525,0
3,-0.0115478338514112,0.0161829311610872,0.0224317856700499,0.127529068594685,0.538333333333333,0
4,-0.0116969475002389,0.0161512092214868,0.0222986955358565,0.197018717035248,0.578333333333333,6
1,0.0105288638365613,0.0502728173089951,0.0651651381711495,-0.072683547239834,0.45,0
2,0.0592567765529378,0.060666586875879,0.0690585403060208,-0.00334385566030348,0.52,0
3,0.0593165615809576,0.0595746805525149,0.0633659169515154,0.0133460577185283,0.52,0
4,0.0586586313258795,0.0588395435198711,0.0624845657347304,0.105264588172036,0.553333333333333,8
1,-0.016896002148956,0.059398600361803,0.075988960733513,0.135407370882207,0.561666666666667,0
2,-0.0535356528358111,0.063419881972696,0.0878188065759037,0.0347936365115656,0.511666666666667,0
3,-0.053532106437164,0.0536337458116323,0.0724176985932599,0.0476680867786171,0.501666666666667,0
4,-0.0532280785698983,0.0553017542412059,0.0716609382542115,0.0508554297826133,0.498333333333333,8
1,-0.00566145474883884,0.0637263026169238,0.0785272331701444,0.139707803278832,0.513333333333333,0
2,-0.00535328667760363,0.0494505446069837,0.0588422726000822,0.174267886506205,0.52,0
3,-0.00848296617819063,0.0340635911388976,0.0394508616578844,0.195880111184949,0.496666666666667,0
4,-0.00768986096780947,0.0382478890469283,0.0460158813854654,0.187492534951066,0.503333333333333,10
1,-0.0272307871563077,0.0518772464524669,0.066564371084502,0.218244576411375,0.596666666666667,0
2,-0.00032964221190873,0.0308464149063469,0.0387262909900319,0.0823455048600823,0.543333333333333,0
3,-0.00024263117004538,0.0189017010763537,0.0236314416249596,0.0527838467420097,0.523333333333333,0
4,0.000531376633503676,0.0208500729103459,0.0259735615457109,0.0725330816356679,0.523333333333333,10
1,-0.00553695861147196,0.0394558647432409,0.0520044024269643,0.0210733326824091,0.543333333333333,0
2,-0.00542367310411094,0.0315364900044598,0.0395549580168923,0.105445287129782,0.563333333333333,0
3,-0.00520560430693172,0.0184541253222295,0.0240387885938399,0.058623039392669,0.526666666666667,0
4,-0.00420390065271815,0.0216675073886388,0.0278081240073699,0.0144656605727395,0.49,8
1,-0.0196036110738701,0.0559386535820211,0.0720768101161102,-0.0196675107848088,0.453333333333333,0
2,-0.0271864473025396,0.0416599967785453,0.0526043254095714,0.0510846623441812,0.523333333333333,0
3,-0.0266972340503988,0.0317161321432187,0.0392271785856937,0.0346021961988896,0.51,0
4,-0.0264130110488924,0.0355743384136648,0.0439420680369198,-0.00591809601940116,0.503333333333333,10
1,0.0193693134538636,0.0427022287031866,0.0531072546284259,0.173763325701141,0.573333333333333,0
2,0.0438120065264322,0.0533802192643357,0.0627485646885858,-0.133199649101391,0.45,0
3,0.0420914262591375,0.0458481357155955,0.0513716062873321,-0.196401940259653,0.433333333333333,0
4,0.0423320692851946,0.0460667427940156,0.0517377094334527,-0.220914219705399,0.406666666666667,9
1,0.00285591428551625,0.05886592485487,0.0746629022304477,-0.0278032400572406,0.501666666666667,0
2,0.0338233271802899,0.0461658840292253,0.0565509270750642,0.0320902591754704,0.531666666666667,0
3,0.0341409270957311,0.0379366000570276,0.0430202008746471,0.0050267346796122,0.518333333333333,0
4,0.0341615739333785,0.039989457860254,0.0462586659624014,-0.110696275685038,0.501666666666667,9
1,0.0159356461364604,0.059792864110952,0.0798488819082365,0.242960998930198,0.63,0
2,0.0318279713840795,0.0431608168841598,0.056864343808125,0.277027129923103,0.633333333333333,0
3,0.0326958630458028,0.0353618658034795,0.0430086176414539,0.306563249023154,0.643333333333333,0
4,0.0322362390568504,0.0345623584345059,0.0436038150104374,0.380777981384853,0.653333333333333,9
1,0.0129515045855688,0.0494444078947984,0.0640117484250028,0.0342888524043647,0.54,0
2,-0.00685614267218467,0.0342984256079651,0.0441620632304848,-0.143934271438976,0.476666666666667,0
3,-0.00618577664542757,0.0225004643106087,0.0297256545160249,-0.265185120221931,0.413333333333333,0
4,-0.00555428554654549,0.0230139594882392,0.0305650247046114,-0.132786530694289,0.463333333333333,7
1,-0.00421455729235343,0.0450130653083321,0.0572937323709721,0.168210433661086,0.58,0
2,-0.0315611767803812,0.0407153714834761,0.0500821536663246,0.0846052625542189,0.543333333333333,0
3,-0.0325858250874487,0.0337715766509533,0.0398779814803384,0.199545941864623,0.6,0
4,-0.0329749186456387,0.0348090761136298,0.0418095880661671,0.143212763830288,0.56,8
1,-0.00163247409736735,0.054868234999817,0.068831172729527,0.0840146782022845,0.561666666666667,0
2,-0.0462161564992515,0.051732386664007,0.0663074008534026,0.0261953263767787,0.545,0
3,-0.0477263916157319,0.0477263916157319,0.0562952457601202,0.073429608485877,0.558333333333333,0
4,-0.0478473661515406,0.0481563060965082,0.0583046066328592,0.10418937905366,0.571666666666667,6
1,0.0200290304401675,0.0599598362808155,0.075005534707135,0.205907894669762,0.591666666666667,0
2,0.0691989827904283,0.0711166137141543,0.080661520185261,0.240425645885624,0.555,0
3,0.0711788522066537,0.0711934424274088,0.0746344997411615,0.225292907774153,0.548333333333333,0
4,0.0710718003766413,0.0710984703888178,0.0753005884829367,0.19013024111889,0.528333333333333,7
1,0.0253472468585848,0.0542805206465062,0.0691010705083585,0.266743420776661,0.631666666666667,0
2,0.0408403692173816,0.0461054380469456,0.055548863865047,0.00443872340305156,0.518333333333333,0
3,0.041461889469998,0.0427724417485376,0.0475172243771058,0.00632655599264414,0.508333333333333,0
4,0.0417853530357372,0.0435500794250354,0.0489158181993036,0.0334888646793351,0.531666666666667,8
1,0.049381176360291,0.0597772595198229,0.0765507780290752,0.0612440931606211,0.521666666666667,0
2,0.0911230893290376,0.0913436280696764,0.0981054720468327,-0.105468389808231,0.425,0
3,0.0924216498843699,0.0924216498843699,0.0950738732348442,-0.148222174578095,0.391666666666667,0
4,0.0925461021188136,0.0925461021188136,0.0950578272039655,-0.0870587531799181,0.411666666666667,7
1,0.0158176570564047,0.0446455925053927,0.055372325488095,0.112688342153127,0.59,0
2,0.0340267051073371,0.0416815592563781,0.0494168264585109,0.00684004644267431,0.52,0
3,0.032560684668583,0.0359630953340852,0.0402353521065834,-0.0283090538952088,0.51,0
4,0.0327056258963971,0.0367081924715971,0.0406066507360865,-0.0166677769712563,0.54,7
1,0.0307823472917879,0.050087720279039,0.0632061618994861,0.14939733135241,0.55,0
2,0.024095084133046,0.0357527103586814,0.0452594331098799,-0.0132413063769696,0.493333333333333,0
3,0.02225599830013,0.0290274518668217,0.0342884068892856,-0.0541544268382576,0.466666666666667,0
4,0.0224594733306369,0.0283575122373521,0.0334671494904123,-0.0146417252314678,0.493333333333333,6
1,0.0455253044890057,0.0560511371133138,0.0688699992618105,0.252721058999984,0.578333333333333,0
2,0.0574187398051397,0.0619139832041174,0.0724218217839232,0.221002471365451,0.588333333333333,0
3,0.0569652088420098,0.0575903001428567,0.0625714811982548,0.293824090227113,0.615,0
4,0.0574555980810793,0.0587894041125397,0.0655528814733892,0.313127802102053,0.638333333333333,11
1,0.0165608929871026,0.0363284731681188,0.0459859157596862,0.169942273272,0.553333333333333,0
2,0.0264739522718689,0.0369155265164468,0.0456592571546428,-0.0021873770873467,0.503333333333333,0
3,0.025227800035737,0.0308619998155997,0.0356346419510028,0.0215216515914172,0.516666666666667,0
4,0.0253098381389383,0.0312369415568892,0.0358750180766739,-0.0926094484039238,0.473333333333333,7
1,0.0140455478599742,0.0620299533149167,0.0814824547634536,0.314863663875641,0.656666666666667,0
2,0.00876748305438435,0.0280552946608798,0.0358812880494083,0.266248635636455,0.593333333333333,0
3,0.00862463038305812,0.0183057298186216,0.021686692352272,0.3746578908545,0.6,0
4,0.0082671692697677,0.0211131771783189,0.0247341143853842,0.148462130496979,0.543333333333333,7
1,-0.001799517361395,0.047924085954222,0.0611191486577566,-0.0925828789670109,0.471666666666667,0
2,-0.00596911463811771,0.0312384407951081,0.0391068540341613,0.0978344078750057,0.548333333333333,0
3,-0.00435706363190229,0.0202817697056064,0.0258293011209728,-0.0132955512994438,0.515,0
4,-0.00381969437407071,0.0211457523882467,0.0262883908671984,0.0126155395489662,0.501666666666667,8
1,-0.00664863192277523,0.0389263253354269,0.0494741745859386,0.168710076037878,0.566666666666667,0
2,0.000639982620843804,0.0365851721196692,0.0455064780723157,0.0725372004512945,0.536666666666667,0
3,0.000333367970316197,0.0232266743466072,0.0278429823364854,0.072762153133705,0.526666666666667,0
4,0.000101920263671082,0.0228137734174791,0.0274872699010044,0.0307588120260887,0.506666666666667,6
1,0.0432795448558636,0.0617229846422223,0.0802809417815165,0.139297088175883,0.518333333333333,0
2,0.0956855635654264,0.0957643050128702,0.102765592198052,0.0559183003020432,0.488333333333333,0
3,0.0960586150756051,0.0960647269456081,0.099153069308198,0.0271624090092803,0.505,0
4,0.0952981210500258,0.0952981210500258,0.0983679598929974,0.106579930395274,0.511666666666667,7
1,-0.0252670009371386,0.0387340431681062,0.052958723354258,0.00533500832563851,0.565,0
2,-0.0469658724029833,0.0509476628219461,0.0612148030365716,-0.161149785680204,0.428333333333333,0
3,-0.0469146176660069,0.0469146176660069,0.0524355164846123,-0.281189171845488,0.365,0
4,-0.0468104073972243,0.0468104073972243,0.0518951604662215,-0.22375120648763,0.398333333333333,4
1,0.0250460042172342,0.0653049560540774,0.0839452707292785,0.141635563818841,0.556666666666667,0
2,2.5453992110744e-05,0.0329091325616228,0.0412873176316515,-0.0105687128590829,0.486666666666667,0
3,0.000921417813125242,0.0215121889897256,0.0257243717046458,-0.0261395878107836,0.476666666666667,0
4,0.00067694671695989,0.0212715371348957,0.0256653179510102,0.00167302705532643,0.5,7
1,0.055171817536834,0.0676560085849429,0.0780836125562597,0.04494574505756,0.553333333333333,0
2,0.0571853539461159,0.061575888159269,0.0712161691663382,-0.00551416995550041,0.516666666666667,0
3,0.0573906502917737,0.0581474649071572,0.0631339182894571,0.0238071824898414,0.523333333333333,0
4,0.0573670435314433,0.0579789631881181,0.0631903796973329,0.0231759313239401,0.516666666666667,7
1,0.013167208219813,0.051400153674578,0.067203729771065,0.318592669069033,0.621666666666667,0
2,0.0248019634791929,0.0343634572870804,0.0423572325522401,0.218371348204543,0.575,0
3,0.0249619694689451,0.0291368111934504,0.0329853767585166,0.163766838976776,0.545,0
4,0.0248566219730558,0.0289540862293193,0.0331835751485889,0.121230813252185,0.528333333333333,6
1,0.00825721042746817,0.0384526998498531,0.0504159103173796,0.188192241820328,0.558333333333333,0
2,0.0217480416697282,0.0351860613368926,0.0427590954475158,0.0116077087269305,0.471666666666667,0
3,0.02051647263487,0.0275325957422984,0.0317928138866121,-0.0649432530858662,0.448333333333333,0
4,0.0202231941748583,0.0260797247273539,0.0299932050287049,0.156940492262263,0.478333333333333,4
1,0.0293679231712837,0.0600541150436727,0.0744378135870914,0.140796390472317,0.593333333333333,0
2,0.0169378666516256,0.0336458189642264,0.0416621584697821,0.144904581580707,0.566666666666667,0
3,0.0184750775223257,0.0245013122125263,0.0283836657353426,0.262494433248448,0.623333333333333,0
4,0.0186816333471537,0.0259528131581416,0.0305706389009637,0.0439856187229161,0.506666666666667,11
1,-0.0339478128863156,0.0604431376126857,0.0769100040102385,-0.168452555457223,0.403333333333333,0
2,-0.0634592704758369,0.065357372555706,0.0748810612067734,0.134604034888554,0.543333333333333,0
3,-0.0644557111830914,0.0644557111830914,0.070090285025504,0.0507701175724301,0.503333333333333,0
4,-0.0653175699315155,0.0655870832715409,0.0721366469020234,0.00712439390210986,0.503333333333333,7
1,0.0060490526604449,0.0582262695895213,0.0744850850962218,0.219232951798663,0.593333333333333,0
2,0.0296150953213025,0.0451314843869257,0.0550413817536411,0.123522225836097,0.566666666666667,0
3,0.0295878408855323,0.0340122842978135,0.0392252686374307,0.166459191278051,0.58,0
4,0.0294213798557288,0.0353564695644377,0.0416038093238582,0.251894846599956,0.643333333333333,10
1,0.0116532841217216,0.0471841091584712,0.0621781018808036,0.139376101518229,0.531666666666667,0
2,0.0798202373192957,0.0812508550127389,0.0926492264754387,0.0368163320769868,0.471666666666667,0
3,0.081262442610268,0.0815930819647238,0.0866980539215821,0.0428487582796319,0.491666666666667,0
4,0.0816286740975794,0.0817955570472172,0.0872498245632281,0.0429493175923251,0.478333333333333,10
1,0.0359446287043009,0.0465852903673837,0.0597629275274651,0.0725862989050014,0.485,0
2,0.0282287220040982,0.0411418401215855,0.0496396029774944,0.0596911615758799,0.511666666666667,0
3,0.0294457983062187,0.0338728404078513,0.0390119178459151,0.00821307903978477,0.511666666666667,0
4,0.0287600520892431,0.0328901201353991,0.037480549029477,-0.00518318581856707,0.501666666666667,5
1,0.0108437790146336,0.0536211874237735,0.0667038970101387,0.219625357531912,0.58,0
2,-0.0212249767815386,0.035058119437953,0.0437018849803195,0.329002878116582,0.61,0
3,-0.0183970376858326,0.0206344220965258,0.0263610452461673,0.437086191076599,0.666666666666667,0
4,-0.018269533636654,0.0232499846611497,0.0296708082282304,0.333631881241883,0.6,6
1,0.0324866198675356,0.0493179830844036,0.0596891293280623,0.0898328078866164,0.538333333333333,0
2,0.0785045107215171,0.0787993666108462,0.0856709569724908,0.085918440233404,0.518333333333333,0
3,0.0785577539855644,0.0785577539855644,0.0814085005716763,0.0522954396730538,0.515,0
4,0.0788003186692473,0.0788003186692473,0.0817692247469446,0.106211994586835,0.538333333333333,8
1,0.0263766425572073,0.0561758713067644,0.0701835867920715,-0.0926212120837187,0.4,0
2,0.0339853628677199,0.0488518092883505,0.0625534923546198,0.117034570340431,0.546666666666667,0
3,0.0336488276453442,0.0384950816175304,0.0475441081435759,0.128936229033855,0.543333333333333,0
4,0.0327803709417028,0.0422986468419329,0.0549831734567358,0.0482561746926875,0.513333333333333,9
1,-0.0243796529392203,0.0384221835221379,0.0490568430713081,0.199507621933969,0.596666666666667,0
2,0.00332136727365071,0.0300729689877669,0.037463946858443,0.0223305854204569,0.523333333333333,0
3,0.00555690333303238,0.0202638987183635,0.0243849053838501,0.0150387057976975,0.49,0
4,0.0053391978153526,0.0192959072637818,0.0221464197095597,0.0667347232952513,0.54,4
1,-0.00941244742207275,0.0500264980941448,0.0657343180689389,-0.0601138354061789,0.543333333333333,0
2,-0.0287920817025924,0.0337064312870588,0.0425793673316712,-0.04754101871608,0.48,0
3,-0.0292378716883054,0.0292378716883054,0.0361837337051547,-0.0509153580289668,0.513333333333333,0
4,-0.029634992276443,0.0296602471064241,0.0365162769654474,-0.0619245234403555,0.51,6
1,0.0652781477259002,0.072288030206522,0.0856954841631014,0.298256656330076,0.618333333333333,0
2,0.107626297929935,0.107626297929935,0.113702204467104,0.0870533088338379,0.528333333333333,0
3,0.107043622072003,0.107043622072003,0.109400168511242,0.135262110952642,0.528333333333333,0
4,0.107091630006965,0.107091630006965,0.109636447194715,0.163138439971887,0.548333333333333,8
1,0.0251183402685639,0.0501123360826855,0.0627566387247968,-0.019085435527985,0.453333333333333,0
2,0.0532871316891071,0.0597304772606654,0.069673361881899,-0.0652076094621891,0.48,0
3,0.0530069132852023,0.054960539287799,0.0605106361722936,-0.0424022292389283,0.506666666666667,0
4,0.0533104159386653,0.0557086012516243,0.0614724775149225,-0.0304173339648083,0.483333333333333,6
1,0.00962068688150634,0.0606605045040214,0.0761873239730266,0.00213615666904559,0.511666666666667,0
2,0.00972184801709717,0.0296222813021962,0.0374141590827814,0.112858068240723,0.548333333333333,0
3,0.00941176933616701,0.0216678960118148,0.0258058773280009,0.00676580558941978,0.511666666666667,0
4,0.0104679168313173,0.02422182960634,0.0296049796273414,-0.0195804665247865,0.498333333333333,9
1,0.0200873442273025,0.0525270355901727,0.0667238453468062,-0.26957447211618,0.346666666666667,0
2,0.0507935411082937,0.0603523900907731,0.0738324821355918,-0.128005858829156,0.433333333333333,0
3,0.0505118422929873,0.0525264059520086,0.0604412630211586,-0.0949463870262662,0.436666666666667,0
4,0.0496704124463712,0.0536535011889926,0.06436723759127,-0.104576340436682,0.4,7
1,0.0274284782683674,0.0584992287938289,0.0734082431916447,-0.0399357942377214,0.495,0
2,0.0363762800184504,0.0478191222779872,0.0582461159097954,-0.0926763198074775,0.465,0
3,0.035671895379542,0.0393827359447726,0.0441621035900636,-0.0681595176435224,0.481666666666667,0
4,0.0348966495433486,0.0395495573201166,0.045306039017233,-0.0987846458494744,0.445,7
1,0.0525976289257288,0.056443266662716,0.0645198161841099,0.24449712468403,0.6,0
2,0.0550138774407629,0.0569277355864457,0.0651240720914017,0.0495357343227484,0.5,0
3,0.0541761817824326,0.0546741380306774,0.0583764592884132,0.0478330469959841,0.463333333333333,0
4,0.0550203893391084,0.0554691315741927,0.0596119740197299,-0.0383451284377429,0.483333333333333,7
1,0.0110460980462413,0.0589771710237064,0.0772375670193473,0.099659585995489,0.528333333333333,0
2,0.00967556881514911,0.0310223366534114,0.0378046996342533,0.173808388283305,0.555,0
3,0.00991985145743142,0.0208545593689294,0.0241685960924215,0.157743050117586,0.541666666666667,0
4,0.00937408366766566,0.0222230733139128,0.0258986381426846,0.10165438062702,0.531666666666667,10
1,-0.00460180147788716,0.0571041685941054,0.0724310871385757,0.233164587762517,0.633333333333333,0
2,0.0134550212633391,0.0365005320242186,0.0442172116930221,0.122893990258614,0.56,0
3,0.0123069349427992,0.0266394341319859,0.0303892456402103,0.105949852881143,0.56,0
4,0.0138352009635922,0.028351075736319,0.0331770299440597,0.117037962914318,0.553333333333333,7
1,0.023662293116569,0.0545890645644444,0.0688966758585923,0.108801673477727,0.526666666666667,0
2,0.0231039221831033,0.0347516573272929,0.042712464275382,0.256359594629839,0.573333333333333,0
3,0.0215517529964236,0.0269078517911441,0.0316789898411836,0.201598274011378,0.53,0
4,0.022166841130425,0.0281836547568145,0.0337062540535911,0.220633556232192,0.566666666666667,7
1,0.000633008539021271,0.0430486456504859,0.0538750225721995,-0.138705187704115,0.466666666666667,0
2,0.0587309343886758,0.0628228933247543,0.0737722030444914,-0.00827116039583765,0.506666666666667,0
3,0.056141196182045,0.0562345581058743,0.0615475940608912,-0.00640754348721773,0.49,0
4,0.0565672892040937,0.0568825592572237,0.0625408138562688,-0.0455167509239697,0.48,10
1,0.036833696713229,0.0427161846261967,0.0507075668176489,-0.0519309456621571,0.465,0
2,-0.00382036411929359,0.0301918885976815,0.0379125756611335,0.0101651042635731,0.495,0
3,-0.00409106926377271,0.0186964940352384,0.0241885746664301,-0.00045244970056626,0.488333333333333,0
4,-0.0039606445174081,0.0191897494529721,0.0250152274725185,-0.0013436783032518,0.501666666666667,7
1,0.0128057219242822,0.0513667250625225,0.0667934567893267,0.153076883014159,0.486666666666667,0
2,0.00806588725258067,0.0361547734252148,0.0453751086463515,0.075564836373554,0.516666666666667,0
3,0.00940897646986578,0.024534902360411,0.0310229252186481,0.0193298302922154,0.493333333333333,0
4,0.0083056265935902,0.0257433746501139,0.0326122932761138,0.0376284753754491,0.49,8
1,0.0248031445694179,0.0405754129701468,0.0499080111052604,0.253048403092585,0.585,0
2,0.00772094167548528,0.029493388428983,0.037221162137832,-0.0273129958230115,0.468333333333333,0
3,0.00854925793934363,0.0207518364601862,0.0244773642179122,0.00451272373259709,0.471666666666667,0
4,0.00862693152630169,0.0209222542696151,0.0251038722403622,0.0301415875814885,0.458333333333333,10
1,0.0354322646302548,0.0559935159981293,0.0710005125915742,0.119290742669551,0.525,0
2,0.0143288839926864,0.0476420682192766,0.0560760327868523,0.132360828318457,0.585,0
3,0.0148667577892733,0.0331121899729394,0.0393353125062015,0.0943331246815152,0.545,0
4,0.0153392800979388,0.0356319067859496,0.0446976420631202,0.0866521007913242,0.558333333333333,10
1,0.000414425677562704,0.0436449003647732,0.0552457843130086,0.148268776869658,0.573333333333333,0
2,0.0036074698300814,0.0373349410965719,0.0454250855863996,0.0383925203024154,0.53,0
3,0.00130214259523279,0.0220369212321257,0.0268848859657659,-0.000462745880838002,0.516666666666667,0
4,0.00161539643392716,0.0250211843258877,0.030577477571214,0.007494681199386,0.5,8
